superkingdom	phylum	class	order	family	genus	species	Top_BLAST	Final_Common_Names	Final_Rank	Final_Taxa	Result_Code	RepSequence	Number_ASV	Average_ASV_Length	Number_Occurrences	Average_ASV_Per_Sample	Median_ASV_Per_Sample	Results	B1_S20_L001	B2_S21_L001	B3_S19_L001
Eukaryota(195.5,85,77.5,2.4e-58)	Arthropoda(195.5,85,77.5,2.4e-58)	Insecta(195.5,85,77.5,2.4e-58)	Diptera(195.5,85,77.5,2.4e-58)	Cecidomyiidae(195.5,85,77.5,2.4e-58)	NA	NA	Resseliella soya(96,90.306,1.25e-145), Resseliella theobaldi(96,84.051,6.15e-104), Contarinia fagi(96,87.5,2.76e-127), Contarinia viburnorum(96,90.051,5.82e-144), Contarinia tritici(96,90.816,5.77e-149), Contarinia rubicola(96,91.538,2.67e-152), Vitisiella brevicauda(95,89.637,5.86e-139), Asteromyia laeviana(95,87.08,2.78e-122), Suaediola rufa(96,83.756,2.86e-102), Contarinia negundinis(95,89.664,5.86e-139), Asteromyia euthamiae(95,90.909,9.66e-147), Resseliella soya(96,89.487,5.86e-139), Contarinia petioli(95,89.351,9.8e-137), Resseliella soya(96,89.796,2.71e-142), Resseliella theobaldi(96,83.797,2.86e-102), Contarinia negundinis(96,87.786,5.94e-129), Contarinia negundinis(96,88.55,5.9e-134), Contarinia maculipennis(96,80.612,1.37e-80), Vitisiella brevicauda(96,89.031,2.72e-137)	N/A	family	Cecidomyiidae(195.5,85,77.5,2.4e-58)	SANF(95,95)	TAAGATTTTGATTACTACCTCCTTCATTAACATTATTATTAATTAGAAGAATAGTTGAAACAGGAACTGGAACAGGTTGAACAGTATACCCTCCACTTTCTTCAATTATTGCCCATACTGGTACTTCTGTTGATTTTTCAATTTTTTCATTACATATTGCAGGAATTTCATCAATTTTAGGAGCTATTAACTTTATCTCTACTATATTAAATATAAAAATTAAATTTTTAAAATTTGATCAAATTTCTTTATTTGTATGATCAATTTTAATTACTACTGTATTATTACTTTTATCTTTACCTGTTTTAGCAGGAGCTATTACTATATTATTAACAGATCGAAATTTAAATACATCATTTTTCGATCCAATGGGAGGAGGAGACCCAGTTCTTTACCAACATTTATTT	19	407	3	10269.3333333333	5962	Merged	1372	23474	5962
Eukaryota(156.4,8,70.4,3.4e-07)	Arthropoda(156.4,8,70.4,3.4e-07)	Insecta(156.4,8,70.4,3.4e-07)	NA	NA	NA	NA	Greater than 20	N/A	class	Insecta(156.4,8,70.4,3.4e-07)	SANF(95,95)	TAAGATTTGTATTACTACCTCCTTCCCTATTACTTTTATTATCTAGAAGAATAGTTGAAAGAGGAGCAGGTACAGGATGAACCTGCTCTTGAAATATATTGCTCATGGAGGAGCTTCAGTTGATTTAGCAATTTTTTCTCTTCATTTAGCTGGTATTTCCTCTATTTTAGGGAATCCTAATATATCTTTAGATCAAACTCCTTAATTTGTATGAGCTGTTTCCTG	147	403.455782312925	3	19855	19448	Merged	19448	11887	28230
Eukaryota(138.3,93,82.9,1.3e-95)	Arthropoda(138.3,93,82.9,1.3e-95)	Insecta(138.3,93,82.9,1.3e-95)	Coleoptera(138.3,93,82.9,1.3e-95)	Carabidae(138.3,93,82.9,1.3e-95)	Harpalus(138.3,93,82.9,1.3e-95)	NA	Harpalus opacipennis(96,83.673,1.33e-100), Harpalus opacipennis(93,84.733,1.76e-109), Harpalus attenuatus(96,83.887,2.86e-102)	N/A	genus	Harpalus(138.3,93,82.9,1.3e-95)	-	TAAGTTTTTGAATACTTCCTCCTTCCTTGATACTTTTACTAGCAAGTTCAATTGTTGAAAATGGTGCGGGTACTGGGTGAACAGTATACCCCCCCTTATCTTCAGGAATTGCTCATGCAGGAGCTTCAGTAGATTTAGCTATTTTTTCCTTACATCTAGCTGGAATCTCCTCAATTTTAGGAGCAGTAAATTTTATTACTACTGTGATTAATATACGATCAGCAGGTATTACTTTAGACCGAATACCTTTATTTGTGTGATCTGTTGTTATTACTGCTGTATTATTACTACTATCTCTTCCAGTTTTAGCTGGAGCTATCACTATATTATTAACAGATCGAAATTTAAATACATCATTTTTTGATCCCGCTGGAGGAGGAGATCCTATTCTTTACCAACATTTATTT	3	411.666666666667	2	376.5	376.5	Merged	340	413	0
Eukaryota(147,96,95.4,5.5e-179)	Arthropoda(147,96,95.4,5.5e-179)	Insecta(147,96,95.4,5.5e-179)	Lepidoptera(147,96,95.4,5.5e-179)	Gelechiidae(147,96,95.4,5.5e-179)	Chionodes(147,96,95.4,5.5e-179)	NA	Chionodes pereyra(96,100,0), Chionodes thoraceochrella(96,100,0)	N/A	genus	Chionodes(147,96,95.4,5.5e-179)	SFAT(95,95)	TAAGTTTCTGATTATTACCCCCTTCTCTTACTCTTTTAATTTCAAGAAGAATCGTAGAAAATGGAGCTGGAACAGGATGAACAGTTTACCCCCCACTCTCTTCCAATATTGCTCATGGAGGTAGATCAGTAGACTTAGCAATTTTTTCTCTTCATTTAGCTGGAATTTCTTCAATTTTAGGAGCAATTAATTTTATTACTACTATCATTAATATACGAATTAATGGATTATCATTTGATCAAATACCCCTATTTGTATGAGCAGTTGGAATTACTGCATTATTATTACTTCTATCTTTACCTGTTTTAGCGGGAGCTATTACTATATTATTAACTGATCGTAATCTAAATACATCATTTTTTGATCCTGCTGGAGGAGGAGACCCAATTTTATATCAACATTTATTT	3	407	2	978.5	978.5	Merged	300	0	1657
Eukaryota(106.7,20,70.8,2e-09)	NA	NA	NA	NA	NA	NA	Greater than 20	N/A	superkingdom	Eukaryota(106.7,20,70.8,2e-09)	SANF(95,95)	TTAGTTTCTGGTTATTACCACCTAGTCTAATATTATTTTTATTTGCTGCAACAATAGAAAATGGAGCAGGAACAGGTTGAACTCTATATCCCCCATTATCAGGAATACAAAGTCACAGTGGACCTAGTGTAGATTTAGCTATATTTGCTCTTCACTTATCAGGAATAGGTAGTTTATTAGGAGCAATGAACTTCATTACTACTATATTAAATATGAGAAGTCCAGGAGTAAGACTTCACAAATTAGCTTTATTTGGATGAGCAGTAGTAGTTACTGCAGTATTATTACTTTTATCTTTACCTGTTTTAGCCGGTGCGATTACTATGGTATTAACAGACAGAAATTTTAATACATCATTCTTTGAAGTAGCAGGAGGTGGAGATCCTATATTATACCAACATCTTTTC	40	414.975	3	879	683	Merged	257	1697	683
Eukaryota(197.3,92,88.3,2.1e-133)	Arthropoda(197.3,92,88.3,2.1e-133)	Insecta(197.3,92,88.3,2.1e-133)	Hemiptera(197.3,92,88.3,2.1e-133)	NA	NA	NA	Aphis ballotae(96,90.051,5.82e-144), Phylloxera coccinea(96,90.746,2.69e-147), Aphis serpylli(93,92.612,4.43e-155), Myzocallis castanicola(93,90.585,7.74e-148), Phylloxera coccinea(96,91.582,5.73e-154), Phylloxera caryaecaulis(96,94.898,1.2e-175), Phylloxera caryaecaulis(96,94.388,2.59e-172), Phylloxera caryaecaulis(96,91.837,1.23e-155), Phylloxera quercina(92,91.774,5.94e-154)	N/A	order	Hemiptera(197.3,92,88.3,2.1e-133)	SANF(95,95)	TTAGATTCTGACTATTACCTCCATCATTAATAATAATAATTTCAAGATTATTAATTAATAATGGAACAGGGACTGGCTGAACAATCTACCCTCCTTTATCAAATAATATTGCTCATAATAGTATCTCAGTTGATTTAACAATTTTTTCTCTTCATTTAGCAGGAATCTCATCAATTTTAGGAGCAATCAATTTTATTTGTACAATTTTAAATATAATACCTTTTAATATAAAATTAAATCAAATTCCTTTATTTCCTTGATCCATTTTAATTACAGCAATTTTATTAATTTTATCTTTACCTGTATTAGCTGGTGCAATTACAATATTATTAACAGATCGTAATTTTAATACTTCTTTTTTTGATCCTTCAGGAGGAGGAGATCCAATTTTATATCAACATTTATTT	9	410.111111111111	2	2913.5	2913.5	Merged	758	0	5069
Eukaryota(4,96,95.2,2.6e-177)	Arthropoda(4,96,95.2,2.6e-177)	Insecta(4,96,95.2,2.6e-177)	Hemiptera(4,96,95.2,2.6e-177)	Phylloxeridae(4,96,95.2,2.6e-177)	Phylloxera(4,96,95.2,2.6e-177)	Phylloxera caryaecaulis(4,96,95.2,2.6e-177)	Phylloxera caryaecaulis(96,95.153,2.57e-177), Phylloxera caryaecaulis(96,95.408,5.53e-179), Phylloxera caryaecaulis(96,100,0)	N/A	species	Phylloxera caryaecaulis(4,96,95.2,2.6e-177)	SFAT(95,95)	TTAGATTTTGATTATTACCACCATCACTTATATTAATAATATTTAGTTTTATAATTAATAATGGAACAGGAACAGGATGAACTGTCTATCCACCATTATCTAATAATATTGCACATAATAATATTTCAGTAGATTTAACTATTTTTTCACTTCATATAGCTGGAATTTCATCAATTTTAGGAGCAATTAATTTTATTTGTACAATTTTAAATATAATACCTAATAATATAAAATTAAATCAAATTCCTTTATTTCCATGATCTATTTTAATTACAGCAGTTTTATTAATTTTATCATTACCAGTATTAGCTGGTGCAATTACTATATTATTAACAGATCGTAATTTAAATACTTCATTTTTTGACCCTTCAGGAGGAGGGGATCCTGTTTTATATCAACACTTATTT	4	407	2	240	240	Merged	154	0	326
Eukaryota(146.1,9,70,1.2e-06)	Arthropoda(146.1,9,70,1.2e-06)	NA	NA	NA	NA	NA	Greater than 20	N/A	phylum	Arthropoda(146.1,9,70,1.2e-06)	SANF(95,95)	TAAGATTTTGATTACTACCCCCATCATTAACATTATTATTATCGAGTAGAATAGTTGAAAGAGGAGCAGGTACAGGATGAACAGTAGCTGTAGGGATTACAGCCTTATTACTATTATTATCATTACCTGTATTAGCAGGGGCTATTACTATACTATTAACAGATCGTAATCTAAATACATCATTCTTTGATCCAGCTGGAGGAGGAGACCCTATTTTATATCAACATTTATTT	82	407.646341463415	3	16210.6666666667	3852	Merged	3852	3249	41531
Eukaryota(200,96,97.2,0e+00)	Arthropoda(200,96,97.2,0e+00)	Malacostraca(200,96,97.2,0e+00)	Isopoda(200,96,97.2,0e+00)	Philosciidae(200,96,97.2,0e+00)	Philoscia(200,96,97.2,0e+00)	Philoscia muscorum(200,96,97.2,0e+00)	Philoscia muscorum(96,100,0), Philoscia muscorum(96,99.745,0)	N/A	species	Philoscia muscorum(200,96,97.2,0e+00)	SFAT(95,95), SANF(95,95)	TAAGGTTTTGACTACTTCCCCCAGCTCTTACTCTTCTTTTAAGAAGAGGTTTGGTCGAAAGAGGGGTTGGAACTGGCTGAACTGTGTACCCTCCATTAGCTTCTAATATTGCGCACAGGGGGGCTGCTGTTGATATAGGGATTTTTTCTTTACATTTAGCTGGGGCCTCATCAATTTTAGGGGCAGTGAACTTTATTTCCACTGTAATAAATATACGAATAGTGGGAATGTCAATAGATCGTATTCCTTTGTTTGTCTGGTCAGTGTTTATTACTGCAATCTTGCTTTTATTATCTCTCCCAGTACTGGCAGGAGCTATCACAATATTATTAACGGACCGTAATTTAAACACGACATTTTTTGATCCTAGAGGAGGGGGAGACCCAATTTTATACCAACACTTATTT	4	407	2	1559	1559	Merged	1852	0	1266
Eukaryota(9,96,98,0e+00)	Arthropoda(9,96,98,0e+00)	Insecta(9,96,98,0e+00)	Orthoptera(9,96,98,0e+00)	Gryllidae(9,96,98,0e+00)	Orocharis(9,96,98,0e+00)	Orocharis saltator(9,96,98,0e+00)	Orocharis saltator(96,99.745,0), Orocharis saltator(96,98.465,0), Orocharis saltator(96,98.21,0), Orocharis saltator(96,99.235,0)	N/A	species	Orocharis saltator(9,96,98,0e+00)	SFAT(95,95)	TAAGATTCTGACTATTACCCCCATCATTAATGTTATTATTATCGAGTAGAATAGTTGAAAGAGGAGCAGGTACGGGATGAACAGTATATCCACCTTTATCTGCAGGAATTGCTCATGGAGGAGCATCAGTAGACTTAGCAATTTTTTCCCTTCATTTAGCTGGTATTTCATCAATTTTAGGAGCTGTAAATTTTATTACAACAATAATTAATATACGAGCTCCAGGAATATCATTTGATCAAACTCCTTTATTTGTTTGAGCTGTAGGAATTACAGCTCTACTATTATTATTATCATTACCAGTATTAGCAGGAGCTATTACTATATTATTAACAGATCGTAATTTAAATACATCATTCTTCGATCCAGCTGGAGGGGGAGACCCTATTTTATATCAACATTTATTT	5	407	2	2104	2104	Merged	1241	0	2967
Eukaryota(5.4,74,79.2,1.9e-59)	Ascomycota(5.4,74,79.2,1.9e-59)	Dothideomycetes(5.4,74,79.2,1.9e-59)	Cladosporiales(5.4,74,79.2,1.9e-59)	Cladosporiaceae(5.4,74,79.2,1.9e-59)	Cladosporium(5.4,74,79.2,1.9e-59)	NA	Cladosporium herbarum(74,86.047,2.26e-88), Cladosporium herbarum(75,83.861,1.1e-81), Cladosporium herbarum(80,84.356,2.92e-87), Cladosporium herbarum(78,80.734,8.67e-68), Cladosporium bruhnei(78,82.569,8.55e-78)	N/A	genus	Cladosporium(5.4,74,79.2,1.9e-59)	SANF(95,95)	TAAGTTTCTGATTATTACCTCCTAGTTTAATCTTATTCTTATTCGCTGCTACAATTGAAAATGGAGCGGGAACAGGATGAACATTATATCCACCTTTATCTGGTATACAAAGTCACAGTGGACCAAGTGTAGATTTAGCAATTTTTGCTTTACACTTATCAGGAATAAGTAGTTTATTAGGTTCAATGAATTTCATAACAACAATCTTAAACATGAGAAGTCCTGGTATAAGATTACACAAATTAGCTTTATTCGGTTGAGCTGTAATAGTAACATCAGTTTTACTGTTATTATCTTTACCTGTGCTTGCAGGTGGTATCACAATGGTGTTAACAGACAGAAACTTTAATACTTCATTCTTCGAAGTAGCAGGTGGTGGTGATCCTATATTATACCAACACCTATTC	5	415.4	3	125.666666666667	67	Merged	23	67	287
Eukaryota(153.8,13,72.5,7.3e-09)	Arthropoda(153.8,13,72.5,7.3e-09)	Insecta(153.8,13,72.5,7.3e-09)	Coleoptera(153.8,13,72.5,7.3e-09)	NA	NA	NA	Popillia mutans(79,72.485,1.2e-21), Mycetophagus multipunctatus(96,85.242,2.82e-112), Eustrophus dermestoides(93,93.384,3.5e-166), Anisotoma discolor(96,87.436,3.57e-126), Mycetophagus multipunctatus(96,83.077,2.88e-97), Harpalus innocuus(96,85.242,2.82e-112), Sepedophilus nigripennis(84,84.356,1e-86), Mycetophagus tenuifasciatus(96,87.918,5.94e-129), Anisotoma errans(83,73.837,1.12e-26), Eustrophus dermestoides(93,93.13,1.63e-164), Melanophthalma helvola(92,77.179,2.45e-58), Mycetophagus atomarius(96,82.308,2.9e-92)	N/A	order	Coleoptera(153.8,13,72.5,7.3e-09)	SANF(95,95)	TCGAATAAACAATATAATATTTTGATTACTCCCCCCATCATTATGCTGGTACAGGTTGAACAGTTTATCCTCCTTTATCTTCTAACATTGCTCATGGAGGTGCTTCTGTAGATTTAGCTATTTTTAGACTTCACTTAGCAGGAATTCCATCAATTTTAGGTGCTGTAAATTTTATTACTACAGTAATTAACATACGATCGATTGGAATGACATTTGACCGAATACCTCTTTTTGTTTGATCAGTTGCAATCACAGCCTTACTTCTTTTACTATTATTACCTGTTTTAGCTGGTGCAATTACTATACTACTTACAGACCGAAATTTAAATACTTCTTTTTTTGATCCTGCAGGAGGAGAAGACCCAATTTTATACCAACACTTATTC	12	409.083333333333	3	1268.33333333333	334	Merged	3461	10	334
Eukaryota(165.9,13,73.7,3.4e-07)	Arthropoda(165.9,13,73.7,3.4e-07)	Insecta(165.9,13,73.7,3.4e-07)	Lepidoptera(165.9,13,73.7,3.4e-07)	NA	NA	NA	Chionodes braunella(76,74.921,1.14e-31), Pigritia fidella(96,89.203,2.72e-137), Catocala ultronia(81,77.545,1.85e-49), Dioryctria mendacella(81,77.843,8.86e-53), Idaea halmaea(27,81.081,1.16e-16), Eupithecia absinthiata(96,90.256,5.82e-144), Dioryctria yiai(83,77.126,8.6e-48), Idaea purpureovittata(83,84.751,1.04e-91), Idaea distinctaria(82,80.712,8.36e-68), Idaea occidentaria(82,81.232,5e-70), Glaphyria fulminalis(93,81.579,4.89e-85), Glaphyria fulminalis(93,81.842,1.05e-86), Idaea fathmaria(93,77.114,4.09e-56), Eupithecia intricata(21,79.775,1.57e-10), Idaea inversata(79,78.221,3.98e-51), Pigritia fidella(96,89.974,2.71e-142), Idaea distinctaria(82,80.415,3.89e-66)	N/A	order	Lepidoptera(165.9,13,73.7,3.4e-07)	SANF(95,95)	TAAGTTTCTGATTATTAATACCTAGTTTCTTATTGTTTATATTTGCCGGTATGATAGAAAATGGAGCCGGTACAGGTTGAACATTATATCCTCCTTTATCTGGATTACAAAGTCATAGTGGTCCAAGTGTAGATTTGGCCATTTTTGCTTTACACTTATCAGGTGTAAGTAGTTTATTAGGAGCAATGAATTTTATTACAACTATATTGAACATGAGAAGTCCAGGAATAAGATTACATAAACTAGCTTTATTTGGGTGAGCAGTAGTAATAACAGCAGTACTGTTATTACTTTCTTTACCTGTTTTAGCTGGTGCCATTACTATGGTTTTAACAGATAGAAATTTTAATACGTCATTTTTTGAAGTAGCGGGAGGTGGAGACCCTATATTGTACCAACATCTTTTC	17	409.470588235294	3	1633.66666666667	1946	Merged	131	1946	2824
Eukaryota(16,96,98.47,0)	Arthropoda(16,96,98.47,0)	Insecta(16,96,98.47,0)	Coleoptera(16,96,98.47,0)	Mordellidae(16,96,98.47,0)	Mordellaria(16,96,98.47,0)	Mordellaria serval(16,96,98.47,0)	Mordellaria serval(96,100,0)	N/A	species	Mordellaria serval(16,96,98.47,0)	SFAT(95,95)	TGAGATTCTGACTTCTACCACCATCCCTCTCTCTTCTCTTAATAAGAAGGGTAGTAGAAAATGGGGCCGGAACGGGGTGAACTGTTTACCCACCGCTATCGTCAAACATCGCTCACAGAGGCTCCTCAGTAGATCTAGCTATTTTCAGGCTCCATTTAGCCGGTATGTCTTCTATTCTCGGAGCCATTAACTTCATTTCCACTATGATCAATATACGTCCTAGGAACATGACACTAGATCGAATGCCCCTTTTTGTATGGGCAATTGTAATTACTGCTGTACTCCTACTCCTCTCTCTTCCAGTATTAGCAGGAGCTATCACCATGCTACTAACTGACCGAAATCTAAATACCTCCTTCTTTGACCCGGCTGGGGGTGGTGATCCTGTTCTTTACCAACACTTATTT	1	407	1	169	169	Merged	0	0	169
Eukaryota(102,83,75.2,1.1e-36)	Arthropoda(102,83,75.2,1.1e-36)	Insecta(102,83,75.2,1.1e-36)	Lepidoptera(102,83,75.2,1.1e-36)	Geometridae(102,83,75.2,1.1e-36)	NA	NA	Eupithecia nanata(96,90.355,1.25e-145), Idaea rusticata(83,77.353,1.85e-49)	N/A	family	Geometridae(102,83,75.2,1.1e-36)	SANF(95,95)	TAAGATTTTGATTATTACCCCCTTCTATTTTACTTTTAATTTCAAGAAGAATTGTTGAAATAGGAGCAGGAACAGGTTGAACAGTTTACCCTCCTTTATCTTCTAATATTGCTCATGGTGGAAGATCTGTTGATTTAGCTATTTTTTCTTTACATTTAGCAGGAATTTCGTCTATTTTAGGAGCAATTAATTTTATTACAACTATTATTAATATACGAACAAATAAAATATCTTTTGATCAAATACCTTTATTTGTATGAGCTGTTGGAATTACAGCTCTTTTACTACTTTTATCTTTACCAGTATTAGCAGGAGCTATTACTATACTTTTAACAGATCGTAATTTAAATACTTCATTTTTTGATCCAGCTGGAGGAGGAGACCCTATTTTATACCAACATTTATTC	2	407	2	86	86	Merged	166	6	0
Eukaryota(68,96,98,0e+00)	Arthropoda(68,96,98,0e+00)	Insecta(68,96,98,0e+00)	Coleoptera(68,96,98,0e+00)	Curculionidae(68,96,98,0e+00)	Xyleborinus(68,96,98,0e+00)	Xyleborinus saxesenii(68,96,98,0e+00)	Xyleborinus saxesenii(96,100,0), Xyleborinus saxesenii(96,99.49,0)	N/A	species	Xyleborinus saxesenii(68,96,98,0e+00)	SFAT(95,95)	TAAGATTTTGACTTCTACCTCCAAGATTATCTCTACTATTAATAAGAAGAATTATTGACAAAGGAGCAGGAACAGGATGAACAGTGTATCCACCATTAGCCGCCAACATTGCTCATGAAGGAGCATCAATTGACTTAGCAATTTTCAGACTACACATATCAGGGGTATCCTCAATTTTAGGGGCCATTAATTTTATTTCCACTATTATTAATATACACCCAACAGGAATAAAACCTGAACAACTTTCATTATTTACATGAGCCGTAAAAATCACAGCAGTACTCTTACTGCTCTCACTACCTGTACTAGCAGGAGGTATTACAATGCTACTTACAGATCGAAACATCAACACCTCATTTTTTGACCCAGCAGGAGGAGGAGATCCAATCCTATACCAACACCTATTC	2	407	2	4758	4758	Merged	9365	0	151
Eukaryota(9,22,74.9,5.6e-15)	Arthropoda(9,22,74.9,5.6e-15)	Insecta(9,22,74.9,5.6e-15)	Hymenoptera(9,22,74.9,5.6e-15)	Formicidae(9,22,74.9,5.6e-15)	Camponotus(9,22,74.9,5.6e-15)	Camponotus repens(9,22,74.9,5.6e-15)	Camponotus repens(45,74.869,1.56e-15)	N/A	species	Camponotus repens(9,22,74.9,5.6e-15)	SANF(95,95)	TAGATTAAATAACATTAGCTTCTGATTACTTCCTCCTAGTTTAATTCTATTTATATTTGCAAGCACTATTGAAAATGGAGCAGGTACAGGTTGAACTTTATATCCACCGTTATCTGGTATACAAAGCCACAGTGGTCCAAGTGTTGATCTTGCTATATTTGCTCTTCACCTATCAGGAATAAGTAGTTTACTTGGAGCTATTAATTTCATAACTACTATATTAAATATGAGAAGTCCTGGTATAAGATTACATAAATTAGCTTTATTTGGTTGAGCCGTAGTAGTTACAGCTGTACTATTATTATTATCCTTACCTGTTCTAGCTGGTGGAATAACTATGATTTTAACAGACAGAAACTTTAATACATCTTTCTTTGAAGTAGCAGGAGGTGGAGACCCTATTTTATACCAACATCTGTTC	2	421	2	296.5	296.5	Merged	23	0	570
Eukaryota(21,96,98.98,0)	Arthropoda(21,96,98.98,0)	Insecta(21,96,98.98,0)	Lepidoptera(21,96,98.98,0)	Gelechiidae(21,96,98.98,0)	Telphusa(21,96,98.98,0)	Telphusa latifasciella(21,96,98.98,0)	Telphusa latifasciella(96,100,0)	N/A	species	Telphusa latifasciella(21,96,98.98,0)	SFAT(95,95)	TAAGATTTTGACTTTTACCTCCTTCTCTTATATTATTAATCTCAAGAAGAATTGTAGAAAATGGAGCTGGTACTGGATGAACAGTATATCCCCCTCTTTCATCTAATATTGCTCATGGAGGAAGATCAGTTGATTTAGCAATTTTTTCTTTGCATTTAGCTGGAATTTCATCTATTTTAGGAGCTATTAATTTTATTACAACTATTATTAATATACGAATTAATAGTTTATCTTTTGATCAAATACCTTTATTTGTTTGAGCTGTAGGAATTACTGCTTTATTATTACTTTTATCCTTACCAGTATTAGCTGGAGCTATTACTATACTTTTAACTGACCGTAATTTAAATACTTCATTTTTTGATCCTGCTGGTGGAGGTGACCCTATTCTTTATCAACATTTATTT	1	407	1	122	122	Merged	122	0	0
Eukaryota(2,17,86.3,5.6e-15)	Arthropoda(2,17,86.3,5.6e-15)	Insecta(2,17,86.3,5.6e-15)	Hymenoptera(2,17,86.3,5.6e-15)	Formicidae(2,17,86.3,5.6e-15)	Camponotus(2,17,86.3,5.6e-15)	Camponotus aurosus(2,17,86.3,5.6e-15)	Camponotus aurosus(17,86.301,5.6e-15)	N/A	species	Camponotus aurosus(2,17,86.3,5.6e-15)	SANF(95,95)	TAGATTAAACAATATTAGTTTTTGACTGCTTCCTCCTAGTTTAATACTGTTTTTATTTGCAAATGTTATCGAAAATGGAGCCGGAACAGGATGAACTCTATACCCTCCATTATCAGGAATACAAAGCCACAGTGGACCTAGTGTAGATTTAGCTATTTTCGCTCTTCACCTTTCAGGTATAAGCAGTTTACTAGGTGCAATGAATTTCATCACAACAATATTAAACATGAGAAGTCCTGGTATAAGACTACATAAGTTAGCTTTATTCGGGTGAGCTGTAGTGGTTACAGCTGTATTGTTACTATTATCACTTCCTGTTTTAGCAGGAGGTATAACAATGATTTTAACTGACAGAAACTTTAATACTTCTTTCTTCGAAGTAGCTGGAGGAGGAGATCCTATACTATATCAGCACCTTTTC	1	421	1	117	117	Merged	0	0	117
Eukaryota(199,96,90,5.8e-144)	Arthropoda(199,96,90,5.8e-144)	Insecta(199,96,90,5.8e-144)	Hemiptera(199,96,90,5.8e-144)	Pemphigidae(199,96,90,5.8e-144)	Pemphigus(199,96,90,5.8e-144)	NA	Pemphigus populitransversus(96,100,0), Pemphigus populivenae(96,90.816,5.77e-149)	N/A	genus	Pemphigus(199,96,90,5.8e-144)	SANF(95,95)	TTAGATTCTGACTTTTACCACCATCTTTAATAATAATAATTTCAAGATTTCTAATTAATAATGGTACAGGAACAGGATGAACAATTTATCCCCCTTTATCTAATAATATTGCACATAATAATATTTCTGTAGATTTAACTATTTTTTCCCTTCATTTAGCAGGAATTTCCTCAATTTTAGGAGCTATTAATTTTATTTGTACAATTCTAAATATAATACCTCATAATATAAAACTAAATCAAATCCCTTTATTTCCATGATCAATTTTAATTACAGCAATTTTATTAATTCTTTCACTACCAGTTTTAGCTGGTGCAATTACTATATTATTAACTGATCGTAATTTAAATACTTCTTTTTTTGATCCTGCAGGAGGAGGAGATCCAATTTTATATCAACATTTATTT	2	407	1	119	119	Merged	119	0	0
Eukaryota(162.6,25,73.6,4.3e-21)	Arthropoda(162.6,25,73.6,4.3e-21)	Arachnida(162.6,25,73.6,4.3e-21)	Araneae(162.6,25,73.6,4.3e-21)	NA	NA	NA	Hibana gracilis(93,100,0), Parasteatoda tabulata(93,100,0), Parasteatoda tepidariorum(63,77.206,4.21e-36), Philodromus cespitum(80,75.841,1.88e-39), Philodromus marmoratus(37,80.645,1.19e-26), Hibana arunda(93,89.313,1.69e-139), Xysticus kochi(95,84.949,2.2e-108)	N/A	order	Araneae(162.6,25,73.6,4.3e-21)	SANF(95,95)	TAAGATTTTGACTTTTAATCTCTTCTTTAATTTTACTAATTTCTTCTATAATATCTTCTACTGGAAGAGGTACTGGTTGAACGGTTTACCCCCCCTTATCCAATCAAATTTCCCATTCGGGAAATTCCGTTGACTTGACAATTCTTTCTTTACATTTAGCTGGAGCATCTTCAATTATGAGATCATTAAACTTTATTATTACTATTTTAAATATAAAACCAAAGTCTTTATTACTTGAAAATGTATCTTTATTTTCTTGAAGTGTTTTAATTACCACTATTCTATTATTATTAGCTTTACCAGTATTAGCGGGAGCAATTACAATACTTTTAACAGATCGAAATTTTAATACTTCATTTTTTGATCCTAGAGGGGGGGGTGATCCTATTTTATATCAACATTTGTTT	7	417	3	866.666666666667	171	Merged	171	10	2419
Eukaryota(4,96,71.4,3.2e-17)	Arthropoda(4,96,71.4,3.2e-17)	Insecta(4,96,71.4,3.2e-17)	Diptera(4,96,71.4,3.2e-17)	Sciaridae(4,96,71.4,3.2e-17)	Bradysia(4,96,71.4,3.2e-17)	Bradysia ocellaris(4,96,71.4,3.2e-17)	Bradysia ocellaris(96,71.679,6.94e-19), Bradysia ocellaris(96,71.93,1.49e-20)	N/A	species	Bradysia ocellaris(4,96,71.4,3.2e-17)	SANF(95,95)	TAAGATTTTGATTACTCCCCCCATCCTTATTCCTGCTTATCAATAGAATAATCTCTGATACTGGAACAGGAGCTGGGTGAACCCTTTACCCCCCCCTAACTTCAAATTTATACCACACTGGTGCTTCAATAGACCTTACAATTTTTTCTCTCCACATTGCAGGAATTAGTTCTATTATAGGATCAATTAATTTCCTAGCTACTCTACATAAAATAAAACCCCCTATAATACTCCAAGAACAAATATCCCTCTTCTGTTGATCAGTAATTACAACTACAATCCTTCTAGTTTTATCTCTCCCAGTACTAGCTGGTGCTATTACTATAATTTTAACAGATCGTAATCTAAATACTTCTTTTTTTGACCCCAGAGGAGGAGAAGACCCAATTCTTTATCAACACTTATTC	2	407	1	535	535	Merged	0	0	535
Eukaryota(200,94,91.82,1.6e-154)	Arthropoda(200,94,91.82,1.6e-154)	Insecta(200,94,91.82,1.6e-154)	Thysanoptera(200,94,91.82,1.6e-154)	Thripidae(200,94,91.82,1.6e-154)	Frankliniella(200,94,91.82,1.6e-154)	NA	Frankliniella tritici(95,100,0)	N/A	genus	Frankliniella(200,94,91.82,1.6e-154)	SANF(95,95)	ACGTCTTAATAATATAAGATTTTGATTACTACCTCCGTCTTTAGCTCTTTTAGTTATAGGACTTTCAAAAGATGGAGCAGGAACAGGATGAACAGTTTATCCACCATTATCAACTTTTTACCATTCTGGACCATCTGTAGATCTAACAATTTTTTCTCTTCACTTAGCAGGAATTTCATCAATTTTAGGAGCTCTAAATTTTATTACAACAATTTTAAATTTAAAAATTAAAAAACTAAGAACAGAAAAAATAAGACTTTTTATTTGATCAGTAATCTTAACAGCAATTCTTTTACTTTTATCTCTACCAGTCTTAGCAGGAGCTATTACTATGTTATTAACGGATCGAAACTTAAATACTTCATTTTTTGATCCTAGAGGAGGAGGAGATCCGGTACTTTATCAGCATTTATTT	1	415	1	110	110	Merged	0	0	110
Eukaryota(200,96,83.29,6.2e-99)	Arthropoda(200,96,83.29,6.2e-99)	Insecta(200,96,83.29,6.2e-99)	Lepidoptera(200,96,83.29,6.2e-99)	Erebidae(200,96,83.29,6.2e-99)	Catocala(200,96,83.29,6.2e-99)	NA	Catocala benjamini(96,84.091,6.15e-104)	N/A	genus	Catocala(200,96,83.29,6.2e-99)	SANF(95,95)	TAAGATTTTGACTACTTCCACCCTCATTAACATTATTATTATCAAGTTCTATTGTAGAAAATGGAGCAGGGACAGGTTGAACTGTTTATCCCCCTCTTGCTTCAGGAATTGCTCATGCTGGAGCTTCAGTAGATCTAGCTATTTTTTCTTTACATTTAGCTGGAATTTCCTCAATTTTAGGGGCAGTAAATTTTATTACAACTGTTATTAATATGCGTTCAAGAGGTATTACTTTAGATCGAATACCATTATTTGTTTGATCTGTTGTAATTACTGCAATTCTTCTTTTATTATCACTGCCAGTTTTAGCTGGAGCAATTACTATACTACTTACTGATCGAAATTTAAATACATCATTTTTTGATCCTGCTGGAGGAGGAGATCCTATTTTATACCAACATTTATTT	1	407	1	108	108	Merged	108	0	0
Eukaryota(195,96,88.75,4.6e-135)	Arthropoda(195,96,88.75,4.6e-135)	Insecta(195,96,88.75,4.6e-135)	Hemiptera(195,96,88.75,4.6e-135)	Aphididae(195,96,88.75,4.6e-135)	NA	NA	Monellia caryella(96,91.774,5.73e-154)	N/A	family	Aphididae(195,96,88.75,4.6e-135)	-	TTAGATTCTGATTATTGCCCCCATCCTTAATAATAATAATTTGTAGATTTTTAATTAATAATGGAACAGGGACAGGATGAACAGTTTACCCCCCTCTTTCTAATAATATTGCACATAATAATATTTCAGTAGATTTAACTATTTTTTCACTACATTTAGCAGGTATTTCTTCAATCTTAGGAGCTATTAATTTTATTTGTACTATTTTAAATATAATACCCCATAATATAAAATTAAATCAAATTCCATTATTTCCATGATCAATTTTAATTACTGCTATCTTATTAATTTTATCATTACCCGTTTTAGCAGGAGCTATTACTATACTTTTAACCGATCGAAACCTAAATACATCATTCTTTGACCCCTCCGGAGGAGGAGATCCTATTCTATATCAACATCTATTT	1	407	1	108	108	Merged	0	0	108
Eukaryota(4,96,98.72,0)	Arthropoda(4,96,98.72,0)	Insecta(4,96,98.72,0)	Coleoptera(4,96,98.72,0)	Tenebrionidae(4,96,98.72,0)	Alobates(4,96,98.72,0)	Alobates pennsylvanica(4,96,98.72,0)	Alobates pensylvanicus(96,99.744,0)	N/A	species	Alobates pennsylvanica(4,96,98.72,0)	-	TAAGATTTTGACTACTTCCCCCATCACTAACATTGTTACTAATAAGAAGAATTGTAGAAAGAGGGGCCGGGACAGGATGAACAGTTTATCCCCCACTATCATCAAACATTGCCCATGGTGGATCATCTGTAGATTTAGCAATTTTTAGCCTACACTTAGCAGGAATCTCTTCTATTCTAGGTGCTGTAAACTTTATTACTACAGTAATTAATATACGGCCCCAAGGAATAAGATTTGATCGAATACCGCTATTTGTATGAGCAGTAGTAATTACGGCCGTACTATTACTACTATCTTTACCAGTACTAGCAGGAGCTATTACTATATTACTAACAGATCGAAACATCAATACATCTTTCTTTGACCCCGCAGGAGGGGGAGACCCTATTCTGTATCAACACCTATTT	1	407	1	99	99	Merged	99	0	0
Eukaryota(104,96,96.94,0)	Arthropoda(104,96,96.94,0)	Insecta(104,96,96.94,0)	Diptera(104,96,96.94,0)	Scatopsidae(104,96,96.94,0)	Coboldia(104,96,96.94,0)	Coboldia fuscipes(104,96,96.94,0)	Coboldia fuscipes(96,100,0)	N/A	species	Coboldia fuscipes(104,96,96.94,0)	SFAT(95,95)	TAAGTTTTTGAATATTACCACCATCCCTAACCTTATTATTAACAAGTAGTATAGTAGAAAATGGGGCAGGAACAGGATGAACAGTATACCCTCCCCTGTCCTCAGGAATCGCACATGCAGGAGCATCTGTAGATTTAGCTATTTTTTCTTTACATATAGCAGGAATTTCCTCAATTTTAGGAGCAGTTAATTTTATTACAACAGTAATTAATATACGCTCAACAGGAATTACTTTTGATCGGATACCATTATTTGTATGGTCAGTAGTTATTACAGCAGTTTTATTATTATTATCTTTACCAGTATTAGCAGGAGCTATTACAATACTCTTAACTGATCGAAATTTAAATACTTCATTTTTTGACCCTTCAGGAGGGGGGGACCCTATTTTATACCAACATTTATTC	1	407	1	96	96	Merged	96	0	0
Eukaryota(11,66,75.09,5.3e-25)	Arthropoda(11,66,75.09,5.3e-25)	Insecta(11,66,75.09,5.3e-25)	Lepidoptera(11,66,75.09,5.3e-25)	Gelechiidae(11,66,75.09,5.3e-25)	Chionodes(11,66,75.09,5.3e-25)	Chionodes praeco(11,66,75.09,5.3e-25)	Basalys formicarium(96,91.094,1.24e-150)	N/A	species	Chionodes praeco(11,66,75.09,5.3e-25)	-	TAAGATTTTGATTATTACCATTTAGATTAATATTAATAATTTTTAGAATAATAATTGGAATAGGTTCTGGAACTGGATGAACTATTTATCCTCCTTTATCTGAATCAATATATCATAATGATTTATCAGTAGATTATATAATTTTTTCTTTACATTTAGCTGGAATATCTTCAATTATAGGTTCAATTAATTTTATTACTACAATTTATAATATACGATTAAAATTAATAAATATAATAATAATTAGATTATTTTCTTGATCAATTTTATTAACAACTATTTTATTATTATTATCATTACCAGTTTTAGCTGGTGCATTAACAATATTATTATTTGATCGAAATATTAATACTACTTTTTTTGATCCTTCAGGGGGAGGTGATCCAATTTTATTTCAACATTTATTT	1	407	1	93	93	Merged	0	0	93
Eukaryota(141,80,77,4e-46)	Arthropoda(141,80,77,4e-46)	Insecta(141,80,77,4e-46)	Hemiptera(141,80,77,4e-46)	Aphididae(141,80,77,4e-46)	Aphis(141,80,77,4e-46)	NA	Aphis illinoisensis(96,100,0), Aphis aurantii(80,77.711,1.85e-49), Aphis illinoisensis(81,96.97,7.36e-158), Aphis aurantii(80,77.41,8.6e-48)	N/A	genus	Aphis(141,80,77,4e-46)	SANF(95,95)	TTAGATTTTGATTACTACCACCATCATTAATAATAATAATTTGTAGATTTATAATTAATAATGGAACAGGAACAGGATGAACTATTTATCCACCTCTATCAAATAATATTGCTCACAATAATATTTCAGTTGATTTAACTATTTTTTCTCTCCATATAGCAGGAATTTCATCAATTTTAGGAGCAATTAATTTTATTTGTACAATTTTAAATATAATACCACATAATATAAAATTAAATCAAATTCCTTTATTCCCATGATCAATCCTAATTACAGCTATATTATTAATTTTATCTTTACCAGTTTTAGCTGGTGCTATTACAATATTATTAACTGATCGAAATTTAAATACATCATTTTTTGATCCAGCAGGAGGAGGAGATCCTATTCTTTATCAACATTTATTC	5	407	1	3042	3042	Merged	0	0	3042
Eukaryota(69,96,95.15,2.6e-177)	Arthropoda(69,96,95.15,2.6e-177)	Collembola(69,96,95.15,2.6e-177)	Entomobryomorpha(69,96,95.15,2.6e-177)	Entomobryidae(69,96,95.15,2.6e-177)	Entomobrya(69,96,95.15,2.6e-177)	Entomobrya assuta(69,96,95.15,2.6e-177)	Entomobrya assuta(96,98.98,0)	N/A	species	Entomobrya assuta(69,96,95.15,2.6e-177)	SFAT(95,95)	TAAGTTTTTGATTGCTCCCCCCTTCATTAACTCTATTATTAGTAGGAGGACTCGTAGAAAGAGGTGCAGGAACAGGATGAACTGTTTACCCTCCATTAGCTAGAGGTATTGCTCATGCCGGAGCTTCAGTAGACCTTTCAATTTTCAGCCTTCATTTAGCAGGTGCCTCATCAATTCTAGGGGCAGTAAATTTCATTACAACAATTATTAATATACGAGCCCCAGGAATAACTTGGGATCAGGCCCCTTTATTTGTTTGATCTGTATTTTTAACCGCTATTCTTCTTCTCCTTTCTTTACCTGTACTAGCAGGAGCTATCACAATACTACTAACTGACCGAAACCTCAATACAGCTTTCTTTGACCCGGCTGGAGGGGGAGACCCTATTTTATACCAACATCTATTC	1	407	1	87	87	Merged	0	87	0
Eukaryota(150.3,93,88,1.3e-130)	Arthropoda(150.3,93,88,1.3e-130)	Arachnida(150.3,93,88,1.3e-130)	Araneae(150.3,93,88,1.3e-130)	Theridiidae(150.3,93,88,1.3e-130)	Parasteatoda(150.3,93,88,1.3e-130)	NA	Parasteatoda tepidariorum(96,100,0), Parasteatoda nigrovittata(93,91.094,3.58e-151), Parasteatoda tepidariorum(93,100,0)	N/A	genus	Parasteatoda(150.3,93,88,1.3e-130)	SFAT(95,95), SANF(95,95)	TCGAATAAATAATTTGAGATTTTGATTATTACCTCCTTCTTTGTTTTTATTATTTATTTCTTCTATAGTTGAAATAGGAGTAGGAGCAGGATGAACTGTATATCCTCCTTTATCATCTTTAGATGGACATAGAGGGAGATCAGTGGATTTTGCTATTTTTTCTTTACATTTAGCTGGAGCATCTTCAATTATAGGAGCAGTAAATTTTATTTCAACTATTTTAAATATACGTTCTTATGGTATAAGAATAGAGAAAGTATCTTTATTTGTTTGATCAGTATTAATTACTGCTGTTTTGTTATTATTATCTTTACCTGTATTAGCAGGTGCTATTACTATATTGTTAACAGATCGAAATTTTAATACTTCTTTTTTTGATCCAGCTGGAGGAGGAGATCCTATTTTATTTCAACATTTATTT	3	416.333333333333	2	347.5	347.5	Merged	609	86	0
Eukaryota(3,96,100,0)	Arthropoda(3,96,100,0)	Insecta(3,96,100,0)	Coleoptera(3,96,100,0)	Laemophloeidae(3,96,100,0)	Laemophloeus(3,96,100,0)	Laemophloeus fasciatus(3,96,100,0)	Laemophloeus fasciatus(96,100,0)	N/A	species	Laemophloeus fasciatus(3,96,100,0)	SFAT(95,95)	TAAGATTTTGATTATTACCCCCTTCCTTAACCTTACTTTTAATAAGAAGAATTGTAGAAAAAGGTGCAGGCACAGGATGAACTGTTTATCCCCCTCTTTCTTCAAATATTGCCCACGGGGGTTCATCTGTTGATTTAGCTATTTTTAGATTACATATAGCCGGAATTTCCTCAATTCTAGGGGCTGTAAATTTTATTTCTACAGTAATTAATATACGACCAGAAGGAATAACCCTTGAACGAATACCCCTTTTCGTTTGAGCAGTTATTATTACTGCTGTTTTATTACTTCTATCTTTACCTGTCCTAGCAGGAGCAATTACTATACTTTTAACAGATCGAAATATTAATACATCATTCTTTGACCCTGCGGGAGGGGGGGACCCTATTCTTTACCAACATTTATTT	1	407	1	83	83	Merged	83	0	0
Eukaryota(3,96,98.98,0)	Arthropoda(3,96,98.98,0)	Insecta(3,96,98.98,0)	Diptera(3,96,98.98,0)	Rhinophoridae(3,96,98.98,0)	Stevenia(3,96,98.98,0)	NA	Stevenia umbratica(96,99.235,0)	N/A	genus	Stevenia(3,96,98.98,0)	SFAT(95,95)	TAAGATTTTGACTTTTACCTCCTGCATTAACTTTATTATTAGTAAGTAGAATAGTGGAAAACGGGGCTGGTACTGGATGAACTGTTTACCCTCCTTTATCATCTAATATTGCTCATGGTGGGTCTTCAGTTGATTTAGCTATTTTTTCTCTTCACTTAGCAGGTATTTCATCAATTTTAGGAGCTGTAAATTTTATTACAACTGTAATTAATATACGATCTACAGGAATTACTTTTGATCGAATACCTTTATTTGTATGATCAGTAGTTATTACAGCTTTATTGTTACTATTATCATTACCCGTATTAGCAGGAGCTATTACTATATTATTAACAGATCGAAATTTTAATACATCTTTTTTTGATCCTTCAGGAGGAGGAGACCCTATTTTATACCAACATTTATTT	1	407	1	83	83	Merged	0	0	83
Eukaryota(9,96,98.98,0)	Arthropoda(9,96,98.98,0)	Insecta(9,96,98.98,0)	Coleoptera(9,96,98.98,0)	Synchroidae(9,96,98.98,0)	Synchroa(9,96,98.98,0)	Synchroa punctata(9,96,98.98,0)	Synchroa punctata(96,100,0)	N/A	species	Synchroa punctata(9,96,98.98,0)	SFAT(95,95)	TAAGATTTTGACTTTTACCCCCATCAATTTCGTTATTAATTATAAGAAGAGTTGTAGAAAATGGTGCAGGAACAGGATGAACTGTGTATCCCCCACTTTCATCTAATATTGCCCATAGAGGATCCTCTGTAGATTTAGCTATTTTTAGCCTTCATTTAGCTGGGATTTCTTCTATTCTAGGGGCAGTAAATTTTATTACTACAATTATTAATATACGTCCAGTAGGAATAACATTTGATCGATTACCACTTTTCGTATGAGCTGTAATAATTACTGCAATTTTATTGCTTCTTTCTCTACCAGTATTAGCAGGTGCTATTACTATATTACTTACCGATCGTAATTTAAATACCTCGTTTTTTGACCCAGCTGGTGGAGGAGATCCAATTCTTTACCAACATTTATTT	1	407	1	83	83	Merged	0	0	83
Eukaryota(2,96,95.08,5.5e-174)	Arthropoda(2,96,95.08,5.5e-174)	Insecta(2,96,95.08,5.5e-174)	Hymenoptera(2,96,95.08,5.5e-174)	Pompilidae(2,96,95.08,5.5e-174)	Auplopus(2,96,95.08,5.5e-174)	Auplopus carbonarius(2,96,95.08,5.5e-174)	Auplopus carbonarius(96,95.078,5.52e-174)	N/A	species	Auplopus carbonarius(2,96,95.08,5.5e-174)	SFAT(95,95)	TAAGATTTTGATTATTACCTCCTTCAATTTTTTTTTTAAGATTAAGAATATTTATTGGTGAAGGAACAGGAACTGGATGAACTGTTTATCCTCCATTATCTTCAATAATTTATCAATCAGGTCCTAGAGTAGATTTTTCTATTTTTTCTTTACATCTTGCAGGAGCAAGATCAATTATAGGAGCAATAAATTTTATTGTAACTATTTATTTATTTTGTCGTTCTTCTTTTGATAAATTATCATTATTTTCTTGATCTGTTGGTATTACTGCAGTATTATTATTATTATCTTTACCAGTATTAGCTGGGGCTATTACTATATTATTATCAGATCGAAATTTAAATACTTCATTTTTTATACCATTAGGAGGTGGAGATCCTGTTTTATATCAACATTTATTT	1	401	1	83	83	Merged	0	0	83
Eukaryota(8,93,81.8,1.8e-89)	Ascomycota(8,93,81.8,1.8e-89)	Sordariomycetes(8,93,81.8,1.8e-89)	Hypocreales(8,93,81.8,1.8e-89)	Cordycipitaceae(8,93,81.8,1.8e-89)	Beauveria(8,93,81.8,1.8e-89)	NA	Beauveria bassiana(93,87.023,1.72e-124), Beauveria pseudobassiana(93,82.323,8.37e-93)	N/A	genus	Beauveria(8,93,81.8,1.8e-89)	SANF(95,95)	TAGATTAAATAATATTAGTTTTTGATTATTACCCCCTAGTTTAATTTTATTAGTATTTTCGGCGTGTATAGAAGGTGGTGCAGGTACAGGTTGAACTCTTTACCCTCCACTTGCTGGATTACAAAGCCATAGCGGACCAAGTGTAGATTTAGCTATTTTTGCTTTACATTTATCTGGAATTAGTAGTTTATTAGGTGCTATAAATTTTATAACAACAATAGCCAATATGAGAACACCTGGTATAAAATTACATAAATTAGCTTTATTTGGGTGAGCTGTTGTAATAACAGCCATATTACTTTTATTATCGTTACCTGTATTAGCTGGTGGTATAACTATGGTATTAACAGATAGAAATTTTAATACTTCCTTTTTTGAAGTAGCTGGGGGAGGAGATCCAATATTATTTCAACATCTGTTT	2	421	1	86	86	Merged	0	86	0
Eukaryota(67,81,78.07,4.1e-56)	Arthropoda(67,81,78.07,4.1e-56)	Insecta(67,81,78.07,4.1e-56)	Diptera(67,81,78.07,4.1e-56)	Sciaridae(67,81,78.07,4.1e-56)	Bradysia(67,81,78.07,4.1e-56)	NA	Parasteatoda nigrovittata(81,80.175,4.03e-66)	N/A	genus	Bradysia(67,81,78.07,4.1e-56)	-	AAGATTAAATAATATATCATTTTGGTTGTTACCACCATCATTAACTTTATTGGTAACCTCGGCATTTGTAGAAGTAGGTGCAGGAACAGGGTGGACAGTTTATCCTCCATTATCATCTATAGGAGGGCATTCAGGAGCATCTGTAGATCTTGCAATATTTAGTTTACATTTAGCGGGAATATCATCATTATTAGGTGCAATAAACTTTATTTGTACTATTGTAAATATGCGTCTTCCTGGATTAACATTTCACAGATTATCTCTATTTGTATGGGCTGTATTAATTACAGCAGTATTATTATTATTATCTTTACCAGTATTAGCTGGTGCGATTACAATGTTATTAACAGATAGAAATTTTAATACAACATTTTTTGATCCTGCTGGTGGAGGAGATCCTATTTTATATCAACATTTATTT	1	421	1	78	78	Merged	0	0	78
Eukaryota(12,96,97.2,0e+00)	Arthropoda(12,96,97.2,0e+00)	Insecta(12,96,97.2,0e+00)	Coleoptera(12,96,97.2,0e+00)	Curculionidae(12,96,97.2,0e+00)	Mecinus(12,96,97.2,0e+00)	Mecinus pyraster(12,96,97.2,0e+00)	Mecinus pyraster(96,99.745,0), Mecinus pyraster(96,100,0)	N/A	species	Mecinus pyraster(12,96,97.2,0e+00)	SFAT(95,95)	TAAGATTTTGGTTGTTACCCCCGTCTATCACTCTACTAATTATTAGAAGAATTGTCGATAAAGGAGCCGGAACAGGCTGAACTGTTTATCCCCCTTTATCTACTAATATTGCTCATGAGGGAACTTCTGTAGATTTAGCTATTTTTAGACTTCATATAGCCGGAGTATCCTCTATCTTAGGGGCAATAAATTTTATCTCTACAATTATAAATATACATCCCAGGGGAATAAAAATAGACCAAATACCTCTTTTTACATGATCAGTAAAAATCACCGCTATTCTTCTTCTACTATCACTTCCAGTTTTAGCAGGAGCTATCACTATACTTTTGACTGACCGTAATATCAATACATCTTTTTTTGATCCAGCAGGAGGTGGAGACCCTATTTTATATCAACATTTATTT	2	407	2	52.5	52.5	Merged	77	0	28
Eukaryota(2,65,75.8,6.8e-29)	Arthropoda(2,65,75.8,6.8e-29)	Arachnida(2,65,75.8,6.8e-29)	Araneae(2,65,75.8,6.8e-29)	Thomisidae(2,65,75.8,6.8e-29)	Xysticus(2,65,75.8,6.8e-29)	Xysticus bimaculatus(2,65,75.8,6.8e-29)	Xysticus bimaculatus(65,75.746,6.84e-29), Xysticus bimaculatus(65,76.119,1.47e-30)	N/A	species	Xysticus bimaculatus(2,65,75.8,6.8e-29)	SANF(95,95)	TAAGGTTTTGGCTTTTGCCCCCATCTTTATCTTTACTAATCAGGTCAGCTGTAGTGGGGGCAGGGGTTGGTACAGGATGAACCGTTTACCCGCCTCTATCAAATGGACTGTTTCATTCTGGCCCTGCTGTGGATTTTGGAATTCTTAGGTTACATATTGCAGGGGTGTCCTCTATTCTAGGGGCTATCAATTTTATTGTAACCATTTTTAATATAAAAGTTAGAAGAATATCCTGATCGAATACCCCTTTGTTTGTCTGATCAGTTTTAATTACCTCTTTTCTCTTAGCTTTTTCCCTCCCCGTTTTAGCTGCAGCCTTAACCATATTACTAACAGATCGTAATTTTAACACAACCTTTTTTGATCCTGTGGGGGGAGGGGATCCTGTTCTTTATCAACATTTGTTT	4	407	1	1487	1487	Merged	0	0	1487
Eukaryota(200,96,99.5,0e+00)	Arthropoda(200,96,99.5,0e+00)	Insecta(200,96,99.5,0e+00)	Diptera(200,96,99.5,0e+00)	Sciaridae(200,96,99.5,0e+00)	Corynoptera(200,96,99.5,0e+00)	Corynoptera furcata(200,96,99.5,0e+00)	Corynoptera furcata(96,100,0)	N/A	species	Corynoptera furcata(200,96,99.5,0e+00)	SFAT(95,95), SANF(95,95)	TAAGATTTTGGCTTCTTCCCCCCTCTTTAACATTACTACTAACAAGAAGATTAGTAGAAAGAGGAACGGGAACAGGATGAACTGTGTACCCCCCATTATCTTCGACATTATCCCATTCAGGAGCATCTGTAGATTTGTCTATTTTTTCCCTACATTTAGCTGGAATTTCTTCCATTTTGGGGGCAGTAAATTTTATTTCCACAATTATTAATATGCGGGCCCCAGGCATATTGTTTGACAAAATACCTTTATTTGTATGATCAGTATTAATTACTGCAATTCTATTATTGTTATCTTTACCTGTATTAGCAGGAGCTATTACAATATTACTAACGGATCGGAATTTAAATACTTCTTTTTTTGACCCAGCTGGAGGAGGGGACCCTATCTTATACCAACATTTATTT	2	407	1	97	97	Merged	97	0	0
Eukaryota(180,22,80.6,5.4e-20)	Arthropoda(180,22,80.6,5.4e-20)	Arachnida(180,22,80.6,5.4e-20)	NA	NA	NA	NA	Philodromus vulgaris(31,85.827,4.09e-31)	N/A	class	Arachnida(180,22,80.6,5.4e-20)	-	TGAGATTCTGACTTCTAATCTCATCATTAACACTTATCCTATCTTCTATAATATCATCTCGAGGAGGAGGGACAGGTTGAACCGTCTATCCTCCCCTATCAAATCAAATTTCCCACTCAGGTCTATCAGTAGATTTAACTATTCTATCTCTTCACCTAGCTGGAGCTTCTTCTATCATAAGATCACTTAACTTTATCATCACTATTCTAAACATAAAACCTAAATCTCTTTTACTAGAACATATCTCTCTATTCGCATGGAGAGTGTTAATCACTACTGTATTACTCTTATTAGCATTGCCAGTCTTAGCAGGTGCAATTACCATGCTATTGACAGATCGAAATTTTAATACTTCATTTTTTGATCCAAGTGGGGGAGGGGATCCTATTCTATATCAACATCTATTT	2	407	1	667	667	Merged	0	0	667
Eukaryota(137.7,78,73.2,1.5e-25)	Arthropoda(137.7,78,73.2,1.5e-25)	Insecta(137.7,78,73.2,1.5e-25)	Lepidoptera(137.7,78,73.2,1.5e-25)	Geometridae(137.7,78,73.2,1.5e-25)	Idaea(137.7,78,73.2,1.5e-25)	NA	Idaea macilentaria(96,82.294,1.35e-90), Idaea filicata(79,75.882,1.94e-39), Idaea aversata(79,81.79,3.86e-71)	N/A	genus	Idaea(137.7,78,73.2,1.5e-25)	-	TAAGTTTTTGATTGCTACCTCCTTCAATTTCATTATTATTAATATCATCATTTACAGATATAGGTTCAGGAACAGGATGAACTGTTTATCCTCCTTTATCAAATCAACTATATCATGGAGGAATTTCAGTCGATTTAGCTATTTTCTCACTTCATTTAGCAGGAGCTTCATCAATTTTAGGAGCAATTAATTTTATTACAACTATTATTAATATGCGACCTAAAATAATAACATTTGAACGAATTCCTTTATTTGTTTGATCAATTTTTATTACAGCAATTTTATTATTATTATCATTACCAGTGTTAGCAGGTGCTATTACAATACTTTTAACAGATCGTAATTTTAATACCTCATTCTTCGATCCTGCTGGAGGAGGTGATCCTATTTTATATCAACATTTATTT	3	411.666666666667	2	230	230	Merged	0	6	454
Eukaryota(3,96,98.98,0)	Arthropoda(3,96,98.98,0)	Insecta(3,96,98.98,0)	Coleoptera(3,96,98.98,0)	Cleridae(3,96,98.98,0)	Neorthopleura(3,96,98.98,0)	Neorthopleura thoracica(3,96,98.98,0)	Neorthopleura thoracica(96,99.745,0)	N/A	species	Neorthopleura thoracica(3,96,98.98,0)	SFAT(95,95)	TAAGATTCTGGCTTTTACCTCCTTCACTAACTTTACTTTTAATAAGAAGAATAGTAGAAAGAGGGGCTGGGACTGGGTGAACAGTTTACCCCCCTTTATCAGCAAATATCGCTCACGGGGGCTCCTCTGTTGATTTGGCAATTTTTAGACTTCATTTAGCAGGAATCTCTTCAATCTTAGGAGCAGTAAATTTTATTACTACAGTTATTAATATACGCCCTGAAGGAATAACTTTAGATCGTATACCTTTATTTGTATGAGCAGTGGCGATTACTGCTCTTTTATTACTTCTCTCCTTACCAGTATTAGCAGGAGCTATTACAATACTTTTAACTGATCGAAATATTAATACATCTTTCTTTGATCCAGCTGGGGGTGGAGACCCAATTCTTTATCAACATTTATTT	1	407	1	59	59	Merged	0	0	59
Eukaryota(12.5,96,95.2,2.6e-177)	Arthropoda(12.5,96,95.2,2.6e-177)	Insecta(12.5,96,95.2,2.6e-177)	Coleoptera(12.5,96,95.2,2.6e-177)	Cerambycidae(12.5,96,95.2,2.6e-177)	Urgleptes(12.5,96,95.2,2.6e-177)	Urgleptes querci(12.5,96,95.2,2.6e-177)	Urgleptes signatus(96,98.98,0), Urgleptes querci(96,99.49,0)	N/A	species	Urgleptes querci(12.5,96,95.2,2.6e-177)	-	TAAGATTCTGACTTTTACCTCCTTCAATTACTTTATTAATTACAAGAAGAATTGTAGAAAATGGGGCAGGAACAGGATGAACAGTTTATCCCCCATTATCCTCTAATTTAGCTCATATAGGATCTTCTGTTGATTTGGCAATTTTTAGGCTCCATTTAGCTGGAATTTCCTCAATTTTAGGAGCAGTAAACTTTATTACTACCGTAATTAATATACGCCCAATTGGAATATCATTTGATCGACTTCCTCTTTTTGTATGAGCAGTAAAAATTACTGCTATTCTTTTACTGCTTTCCCTTCCAGTTTTAGCAGGAGCTATTACTATACTATTAACAGATCGAAATTTAAATACGTCTTTTTTTGATCCTGCAGGTGGAGGTGATCCTATTTTATACCAACACTTATTT	2	407	2	40	40	Merged	22	58	0
Eukaryota(199,96,75.45,3.1e-47)	Arthropoda(199,96,75.45,3.1e-47)	Insecta(199,96,75.45,3.1e-47)	Lepidoptera(199,96,75.45,3.1e-47)	Erebidae(199,96,75.45,3.1e-47)	Zale(199,96,75.45,3.1e-47)	NA	Zale buchholzi(96,76.667,1.42e-55)	N/A	genus	Zale(199,96,75.45,3.1e-47)	-	TAAGATTTTGATTACTTCCACCGTCTTTAACTCTACTTCTTATAAGAAGTATAACTAATGTAGGTGCGGGTACAGGCTGAACAGTATACCCACCCCTTTCCGCAGCCGTAGCTCATGCAGGAGCCTCAGTAGACCTGGCTATTTTTTCACTACACCTAGCCGGGATTAGATCAATTCTAGGAGCAGTAAATTTTATCTCAACTGTTATTAATATACGATCAGATGGTTTAACTTTAGAACGATTACCCCTATTTGTTTGATCTGTTTTCTTAACCGCCATTCTTCTTTTACTTTCTCTCCCTGTTTTAGCTGGGGCAATTACTATATTACTCACAGATCGTAATTTAAATACTTCCTTTTTTGATCCTGCAGGGGGTGGTGACCCAATTCTTTATCAACATTTATTT	1	407	1	52	52	Merged	0	52	0
Eukaryota(1,90,79.79,8.6e-73)	Arthropoda(1,90,79.79,8.6e-73)	Insecta(1,90,79.79,8.6e-73)	Hymenoptera(1,90,79.79,8.6e-73)	Ichneumonidae(1,90,79.79,8.6e-73)	Rynchobanchus(1,90,79.79,8.6e-73)	Rynchobanchus minomensis(1,90,79.79,8.6e-73)	Rynchobanchus minomensis(90,79.793,8.61e-73)	N/A	species	Rynchobanchus minomensis(1,90,79.79,8.6e-73)	SANF(95,95)	AAGATTAAACAATATTTCATTTTGGTTATTAATTCCATCTTTTTTATTAGTTTTATTTTCTACTGTTGCTGAATCTGGAGTAGGAACTGGATGGACATTATATCCTCCTTTATCTTCAATTTTAGGACATCCTGGATCTGCTGTTGATTTTGGTATTTTTTCATTACATTTAGCTGGTATGTCTTCATTATTAGGAGCAATAAATTTTATTATTACAATACATTATATGAAAGCACCTTTTTTTAAATATAAAAATTTACCATTATTTGTTTGGTCAATTTTTATTACTGCTTGGTTATTATTATTGTCTATTCCAGTTTTAGCTGGAGCTTTAACAATGTTATTAACTGATAGAAATTTTAATACTACATTTTTTGATCCTACTGGTGGAGGAGATCCAGTATTATTTCAACATTTATTT	1	421	1	49	49	Merged	49	0	0
Eukaryota(5,96,97.96,0)	Arthropoda(5,96,97.96,0)	Insecta(5,96,97.96,0)	Coleoptera(5,96,97.96,0)	Cerambycidae(5,96,97.96,0)	Lepturges(5,96,97.96,0)	Lepturges confluens(5,96,97.96,0)	Lepturges confluens(96,99.49,0)	N/A	species	Lepturges confluens(5,96,97.96,0)	SFAT(95,95)	TAAGATTTTGGTTACTACCTCCCTCTCTTTCTCTTTTAATTATAAGAAGAATTGTAGAAAGAGGAGCAGGAACAGGATGAACTGTTTATCCCCCTCTTTCAGCAAATGTAAGACATGCAGGATCCTCTGTTGATTTAGCTATTTTTAGTTTACATTTAGCTGGAGTTTCTTCAATTTTAGGAGCTGTAAATTTTATTACTACAATTATCAATATACGACCAAAAGGCATATTTTTTGATCGTTTACCTCTATTTGTTTGAGCAGTAAATATTACTGCCATTCTTTTATTATTATCTTTACCAGTTTTAGCAGGAGCAATTACTATACTTTTAACTGATCGAAATTTAAATACCTCATTTTTTGATCCAGCTGGAGGAGGAGATCCAATCTTATATCAACATTTATTT	1	407	1	1982	1982	Merged	1982	0	0
Eukaryota(141.5,79,75.1,1.1e-31)	Arthropoda(141.5,79,75.1,1.1e-31)	Insecta(141.5,79,75.1,1.1e-31)	Thysanoptera(141.5,79,75.1,1.1e-31)	Thripidae(141.5,79,75.1,1.1e-31)	Frankliniella(141.5,79,75.1,1.1e-31)	Frankliniella schultzei(141.5,79,75.1,1.1e-31)	Basalys scoticus(96,90.585,2.69e-147), Basalys scoticus(96,90.331,1.25e-145)	N/A	species	Frankliniella schultzei(141.5,79,75.1,1.1e-31)	-	TAAGATTTTGATTATTACCATTTAGATTAATATTAATAATTTTTAGAATAATGATTGGAATGGGTTCTGGAACTGGATGAACAATTTATCCTCCTTTATCTGAATCAATATATCATAATGATTTATCAGTAGATTATATAATTTTTTCTTTACATTTAGCTGGAATATCTTCAATTATAGATTCAATTAATTTTATTACTACAATTTATAATATACGATTAAAATTAATAAATATAATAATAATTAGATTATTTTCTTGATAAATTTTCTTAACAACTATTTTATTATTATTATCATTACCAGTTTTAGCTGGTGCATTAACAATATTATTATTTGATCGAAATATTAATACTACTTTTTTTTATCCTTCAGGAGGTGGTAATCTAATTTTATTTCAACATTTATTT	2	407	1	84	84	Merged	0	0	84
Eukaryota(195,93,91.6,1.6e-154)	Arthropoda(195,93,91.6,1.6e-154)	Arachnida(195,93,91.6,1.6e-154)	Araneae(195,93,91.6,1.6e-154)	Thomisidae(195,93,91.6,1.6e-154)	Xysticus(195,93,91.6,1.6e-154)	NA	Xysticus ferox(93,100,0)	N/A	genus	Xysticus(195,93,91.6,1.6e-154)	-	TCGTATAAATAATTTATCTTTTTGATTACTTCCTCCTTCATTATTTTTATTATTTATATCATCTATAGTAGAAATAGGTGTTGGGGCTGGTTGAACTGTTTACCCTCCTTTAGCGTCTAGTATAGGACATATAGGAAGATCAATAGATTTTGCTATTTTTTCTCTTCACTTAGCAGGTGCTTCATCAATTATAGGAGCTGTTAACTTTATTTCAACAATTATTAATATACGTGTAATTGGTATATCTATAGAAAAAGTACCTTTATTTGTTTGGTCTGTTTTAGTAACAGCAATTTTACTTCTTTTATCTTTACCTGTTTTAGCAGGAGCTATTACAATATTACTTACTGATCGAAATTTTAATACTTCTTTTTTTGATCCTGCAGGAGGAGGAGATCCAATTTTATTTCAACATTTATTT	1	421	1	46	46	Merged	0	0	46
Eukaryota(166.7,63,75.5,4.3e-26)	Arthropoda(166.7,63,75.5,4.3e-26)	Insecta(166.7,63,75.5,4.3e-26)	Hymenoptera(166.7,63,75.5,4.3e-26)	NA	NA	NA	Trichogramma bilingensis(93,87.629,3.65e-126), Trichogramma pretiosum(93,87.724,3.65e-126), Anagrus daanei(74,86.59,7.15e-78), Anagrus daanei(96,84.496,1.31e-105), Rynchobanchus minomensis(90,80,1.85e-74), Trichogramma chilonis(96,86.822,1.28e-120)	N/A	order	Hymenoptera(166.7,63,75.5,4.3e-26)	SANF(95,95)	TAAGATTTTGATTATTACCTCTAAGATTATTTTTATCAACAATAAGAATATTTGTGGGTTCAGGAACAGGAACAGGCTTCAGTTTATTTATCAATTTTTTCTTTACATATTGCAGGGGCTTCTTCTATTACAGGAAGAATTAATTTTATTACTACTATTATAAATATAAAATTATTTGATATACATAAAGTTTATTTATTTTATTGATCGATTTTATTAACTACAATTTTATTATTATTATCATTACCTGCATTAACAGGTGCAATTACTCTATTATTATTTGATCGAAATTTAAATACTTCATTTTTTGATCCTTCAGGAGGTGATGACCCTATTTTATACAAACACTTTTTT	6	401.166666666667	2	229	229	Merged	332	0	126
Eukaryota(11,96,98.72,0)	Arthropoda(11,96,98.72,0)	Insecta(11,96,98.72,0)	Coleoptera(11,96,98.72,0)	Curculionidae(11,96,98.72,0)	Anisandrus(11,96,98.72,0)	Anisandrus maiche(11,96,98.72,0)	Anisandrus maiche(96,100,0)	N/A	species	Anisandrus maiche(11,96,98.72,0)	SFAT(95,95)	TAAGATTTTGATTATTGCCACCCAGATTAACTTTATTACTAATAAGAAGAATCGTTGACAAAGGAGCAGGAACTGGTTGAACGGTATATCCGCCATTAGCTGCTAACATTGCCCATGAAGGAGCATCTGTAGATCTAGCAATTTTTAGATTACATATATCTGGTGTATCATCTATTCTAGGAGCTATTAACTTCATTTCAACAATTATTAACATACATCCGACAGGAATAAAACCAGAACAACTATCTCTATTCACATGATCTGTAAAAATTACTGCAATTCTTCTTCTTTTATCACTACCAGTACTAGCAGGAGGGATTACTATACTTCTTACAGACCGAAACATTAATACATCTTTCTTTGACCCAGCAGGGGGCGGTGATCCAATTCTATATCAACACTTATTT	1	407	3	649.333333333333	483	Merged	1163	302	483
Eukaryota(4.5,23,79.2,4.4e-11)	Arthropoda(4.5,23,79.2,4.4e-11)	Insecta(4.5,23,79.2,4.4e-11)	Coleoptera(4.5,23,79.2,4.4e-11)	Chrysomelidae(4.5,23,79.2,4.4e-11)	Fidia(4.5,23,79.2,4.4e-11)	Fidia viticida(4.5,23,79.2,4.4e-11)	Fidia viticida(23,79.167,4.36e-11), Fidia viticida(96,99.49,0)	N/A	species	Fidia viticida(4.5,23,79.2,4.4e-11)	SFAT(95,95), SANF(95,95)	TAAGATTTTGGTTACTCCCTCCTTCTTTAAGATTGTTAATTATGAGAAGAATTGTAGAAAACGGTGTAGGTACAGGTTGGACTGTTTATCCACCTCTCTCAGCTAATATTGCCCACAGAGGTGCAAGAGTAGATTTAGCTATTTTTAGATTACACTTAGCAGGAATCTCATCTATTTTAGGGGCAGTAAATTTTATTTCCACCGTTATTAATATACGACCAGCTGGTATACTTCCTGAACGAACTCCTTTATTTGTATGAGCCGTAGTAATTACAGCTATTTTACTTCTACTTTCATTACCAGTTCTAGCTGGAGCAATCACAATACTACTAACAGACCGAAATTTAAATACCACATTTTTTGACCCTGCTGGAGGAGGAGATCCAATTTTATACCAACATTTATTT	2	414	2	195.5	195.5	Merged	43	0	348
Eukaryota(200,90,85.53,2.8e-112)	Arthropoda(200,90,85.53,2.8e-112)	Insecta(200,90,85.53,2.8e-112)	Hymenoptera(200,90,85.53,2.8e-112)	Trichogrammatidae(200,90,85.53,2.8e-112)	Trichogramma(200,90,85.53,2.8e-112)	NA	Trichogramma semblidis(96,86.889,3.56e-121)	N/A	genus	Trichogramma(200,90,85.53,2.8e-112)	SANF(95,95)	TAAGATTTTGATTATTACCTCCTAGGTTAATATTGTTAATATCAAGGATGTTTGTGGGGACAGGTACTGGAACAGGTTGAACTGTCTATCCTCCTCTTTCTTTAAATATTTCTCATAATAGAGCCTCAGTAGATTTATCTATTTTTTCTTTACATATTGCTGGGGCTTCCTCAATTATAGCTTCAATTAATTTTATTTCTACTATTTTAAATATAAAATTATATAAATTAGAGTTTATTCCTTTATTTGCTTGAGCAATATTATTAACGGCAATTTTATTATTATTGTCTTTACCTGTTCTTGCGGGGGCAATTACTATATTATTATTTGATCGAAATTTAAATACTTCATTTTTTGATCCTGTTGGAGGGGGGGATCCAGTTTTATATCAACATTTATTT	1	401	1	43	43	Merged	0	0	43
Eukaryota(2,11,91.3,5.4e-10)	Arthropoda(2,11,91.3,5.4e-10)	Insecta(2,11,91.3,5.4e-10)	Lepidoptera(2,11,91.3,5.4e-10)	Geometridae(2,11,91.3,5.4e-10)	Idaea(2,11,91.3,5.4e-10)	Idaea vesubiata(2,11,91.3,5.4e-10)	Idaea vesubiata(11,91.304,5.44e-10)	N/A	species	Idaea vesubiata(2,11,91.3,5.4e-10)	SANF(95,95)	TCAGTTTCTGATTATTACCCCCAAGTTTAATATTATTCCTTTTTGCAGCCACAATTGAAAATGGAGCTGGTACAGGTTGAACTTTATATCCACCTTTATCAGGTATACAAAGTCACAGTGGACCTAGTGTAGATCTAGCTATTTTTGCTTTACACTTATCAGGGATAAGTAGTCTATTAGGTTCAATGAATTTCATAACAACAATCTTAAACATGAGAAGTCCTGGTATAAGATTACACAAATTAGCTTTATTCGGATGAGCTGTAGTAGTAACATCAGTATTACTGTTATTATCTTTACCTGTACTTGCAGGAGGAATCACAATGGTATTAACAGACAGAAACTTTAATACTTCATTTTTTGAAGTAGCAGGAGGTGGTGATCCTATATTATACCAACATCTTTTC	1	407	2	15	15	Merged	6	24	0
Eukaryota(9,96,99.49,0)	Arthropoda(9,96,99.49,0)	Insecta(9,96,99.49,0)	Diptera(9,96,99.49,0)	Syrphidae(9,96,99.49,0)	Mallota(9,96,99.49,0)	Mallota posticata(9,96,99.49,0)	Mallota posticata(96,100,0)	N/A	species	Mallota posticata(9,96,99.49,0)	SFAT(95,95)	TAAGTTTCTGACTATTACCACCTTCTCTAACTTTATTATTAGTAAGAAGTATAGTAGAAAATGGAGCTGGAACAGGATGAACAGTTTACCCTCCATTATCAAGAAATATTGCACATGGAGGAGCATCAGTTGATTTAGCAATTTTTTCTCTTCATTTAGCAGGAATATCTTCAATTTTAGGAGCTGTAAATTTCATTACAACTGTAATTAATATACGCTCAACAGGAATTACTTATGATCGAATACCTTTATTCGTATGATCTGTTGTAATTACTGCATTATTATTACTACTTTCTCTTCCAGTTCTAGCTGGTGCTATTACAATATTATTAACAGATCGAAATCTAAATACATCATTCTTTGATCCAGCAGGAGGAGGAGACCCAATTTTATACCAACATTTATTT	1	407	1	27	27	Merged	27	0	0
Eukaryota(33,96,98.47,0)	Arthropoda(33,96,98.47,0)	Collembola(33,96,98.47,0)	Entomobryomorpha(33,96,98.47,0)	Entomobryidae(33,96,98.47,0)	Entomobrya(33,96,98.47,0)	Entomobrya atrocincta(33,96,98.47,0)	Entomobrya atrocincta(96,100,0)	N/A	species	Entomobrya atrocincta(33,96,98.47,0)	SFAT(95,95)	TAAGATTTTGACTTCTTCCTCCTTCGTTAACCCTATTATTAGCAGGAGGCCTAGTAGAAAGTGGTGCAGGTACTGGTTGAACAGTTTATCCTCCTTTAGCCTCAGGCATTGCGCACGCTGGAGCCTCTGTAGACTTATCAATTTTTAGTCTTCACTTAGCCGGAGCAAGCTCTATTTTAGGGGCTGTAAATTTTATTACAACTATTATTAATATACGAGCCCCTGGTTTATCCTGAGACCAAACACCTCTATTTGTTTGATCAGTATTTTTAACAGCTATTCTTCTTCTTCTTTCTTTACCAGTCTTAGCCGGTGCTATTACTATACTTCTTACAGATCGAAACTTAAATACTTCTTTCTTTGATCCTGCTGGAGGGGGAGACCCTATTCTTTATCAACATTTATTT	1	407	1	1566	1566	Merged	0	1566	0
Eukaryota(29,96,99.49,0)	Arthropoda(29,96,99.49,0)	Insecta(29,96,99.49,0)	Coleoptera(29,96,99.49,0)	Cerambycidae(29,96,99.49,0)	Xylotrechus(29,96,99.49,0)	Xylotrechus colonus(29,96,99.49,0)	Xylotrechus colonus(96,100,0)	N/A	species	Xylotrechus colonus(29,96,99.49,0)	SFAT(95,95)	TAAGATTCTGATTATTACCCCCCTCTTTAACTCTTCTAATTATAAGAAGAATTGTAGAAAGAGGAGCTGGTACAGGATGAACTGTTTATCCCCCTCTTTCAGCTAATGTAGCTCATAGAGGATCTTCTGTAGATTTAGCTATTTTTAGTTTACATTTAGCTGGAGTATCTTCTATTCTAGGTGCTGTAAATTTCATTTCAACAGTAATTAATATACGACCTACAAAAATAAGACCTGAACAAATACCTTTATTTGTATGAGCCGTAGCAATTACTGCTCTTCTTCTTCTCCTTTCCCTTCCTGTTTTAGCAGGAGCAATTACCATACTTCTTACAGATCGGAATATTAATACATCATTCTTCGATCCGGCAGGAGGAGGAGATCCAATTCTTTATCAACACTTATTC	1	407	1	22	22	Merged	22	0	0
Eukaryota(200,91,81.72,1.8e-84)	Arthropoda(200,91,81.72,1.8e-84)	Insecta(200,91,81.72,1.8e-84)	Psocoptera(200,91,81.72,1.8e-84)	Peripsocidae(200,91,81.72,1.8e-84)	Peripsocus(200,91,81.72,1.8e-84)	Peripsocus subfasciatus(200,91,81.72,1.8e-84)	Peripsocus subfasciatus(91,81.72,1.76e-84)	N/A	species	Peripsocus subfasciatus(200,91,81.72,1.8e-84)	SANF(95,95)	TAAGATTTTGACTTCTTCCCCCTTCTCTAACTTTACTACTCTCGAGTAGTCTGGTTAATACCGGAGCAGGTACGGGATGAACTGTATACCCACCCCTTTCGAGAACTTTAGGTCATACAGGAGCCTCCGTTGATTTAGCTATTTTTTCTTTACATTTGGCTGGGGTCAGTTCTATTTTAGGAGCTGTAAATTTCATTACTACTATTATTAATATACGTTCTCAAGGATTAACATTAGAACGAATACCATTATTTGTTTGATCTGTGTTTATTACTGCTGTTCTACTACTTCTTTCACTTCCTGTGTTAGCAGGGGCAATTACTATACTTTTAACAGACCGAAATCTTAATACATCATTCTTTGATCCTGCAGGAGGAGGGGACCCGATCTTATACCAACATTTATTT	1	407	1	22	22	Merged	22	0	0
Eukaryota(19,96,96.68,0)	Arthropoda(19,96,96.68,0)	Insecta(19,96,96.68,0)	Coleoptera(19,96,96.68,0)	Melandryidae(19,96,96.68,0)	Dircaea(19,96,96.68,0)	Dircaea liturata(19,96,96.68,0)	Dircaea liturata(96,100,0)	N/A	species	Dircaea liturata(19,96,96.68,0)	SFAT(95,95)	TAAGATTTTGACTTTTACCTCCATCTTTAACACTACTTATCATAAGAAGAATCGTAGAAAATGGTGCTGGGACTGGTTGAACTGTTTATCCTCCTTTATCATCTAATATTGCCCATGGTGGTGCCTCAGTTGATTTAGCAATTTTTAGCCTTCATCTAGCTGGAGTTTCGTCAATTCTTGGTGCTGCAAATTTTATTACTACTATTATTAATATACGACCACTAGGAATAACTTTTGATCGTATACCTCTTTTTGTTTGATCAGTAGCAATTACTGCAGTTCTACTTCTTCTTTCATTACCAGTATTAGCTGGAGCTATTACTATACTTTTAACTGATCGAAATTTAAATACTTCCTTTTTTGATCCGGCAGGAGGTGGTGATCCTATTCTATACCAACATTTATTT	1	407	1	22	22	Merged	22	0	0
Eukaryota(1,80,73.41,1.5e-25)	Arthropoda(1,80,73.41,1.5e-25)	Insecta(1,80,73.41,1.5e-25)	Coleoptera(1,80,73.41,1.5e-25)	Latridiidae(1,80,73.41,1.5e-25)	Melanophthalma(1,80,73.41,1.5e-25)	Melanophthalma pumila(1,80,73.41,1.5e-25)	Melanophthalma americana(80,73.977,1.52e-30)	N/A	species	Melanophthalma pumila(1,80,73.41,1.5e-25)	-	TCGACTAAACAACATTTCATTCTGGCTACTACCACCTTCACTTATTCTACTACTTGCTAGTGCATTTGTAGAACAAGGGGCAGGAACAGGATGGACAGTTTACCCTCCTCTATCAGCACTACAAAGCCACTCAGGTGGATCAGTGGATCTAGCTATTTTCAGTCTACACCTAGCAGGAATTAGTTCTATGCTTGGAGCTATGAATTTTATTACTACAATTCTAAATATGCGAAATCCAGGAATGACACTACATAAACTACCTCTATTTGTATGGGCTATTTTTGTAACTGCAATTCTACTTCTACTAAGTCTACCAGTACTAGCTGGTGCAATTACAATGCTACTAACAGATCGAAACTTCAACACATCATTCTATGACCCTGCTGGAGGTGGAGATCCAATTCTATATCAACATCTATTT	1	421	1	21	21	Merged	0	21	0
Eukaryota(6,17,88.4,1.5e-15)	Arthropoda(6,17,88.4,1.5e-15)	Arachnida(6,17,88.4,1.5e-15)	Mesostigmata(6,17,88.4,1.5e-15)	Phytoseiidae(6,17,88.4,1.5e-15)	Euseius(6,17,88.4,1.5e-15)	Euseius finlandicus(6,17,88.4,1.5e-15)	Euseius finlandicus(96,100,0), Euseius finlandicus(17,88.406,1.46e-15)	N/A	species	Euseius finlandicus(6,17,88.4,1.5e-15)	SFAT(95,95), SANF(95,95)	TTAGTTTTTGGTTATTACACCATCTTTGATTTTATTATTATATCATCCTTTGTTGAAGTAGGTGCAGGGACTGGGTGGACTATTTATCCACCACTATCATCATTAGTAGTCATTCTGGTGGTTTGTGGATTTAGTTATTTTTAGCTTACATTTAGCAGGTATTTCATATTGTTAGGTGCAATTAATTTTATATGACTATATGTTATATGCGAACACAGGCCTAAATGCAACTAGATTATCGTTATTGTTTGGTCTGTATTTTTACTGCAATATTATTATTATATCGTTACCTGTTTTAGCTTCTGCATTACTATGTTATTAACCGAAGAAATTTAAATACAACATTTTTTGATCCTTCGGTGGAGGAGATCCAATACTATACAACATTTGTTT	2	400	2	12.5	12.5	Merged	20	0	5
Eukaryota(200,91,87.56,8e-128)	Arthropoda(200,91,87.56,8e-128)	Insecta(200,91,87.56,8e-128)	Diptera(200,91,87.56,8e-128)	Cecidomyiidae(200,91,87.56,8e-128)	Asteromyia(200,91,87.56,8e-128)	NA	Asteromyia carbonifera(93,90.076,1.68e-144)	N/A	genus	Asteromyia(200,91,87.56,8e-128)	SANF(95,95)	TCGAATAAATAATTTAAGATTTTGATTTCTTCCACCCTCATTATTTTTATTATTAACAAGAAGAATAGTAGAAACTGGAACAGGAACAGGATGAACTGTTTATCCTCCTCTATCTTCTTCAATTGCTCACACAGGAACTTCAGTAGATTTTTCAATTTTTTCATTACATATTGCAGGAATCTCATCAATTTTAGGAGCAATTAATTTTATTTCTACTATAATTAATATAAAAATTAAATTTTTAAGATTTGATAAAATTTCATTATTTACATGATCAGTATTAATCACAGCAATTTTATTATTGCTTTCATTACCTGTATTAGCAGGAGCTATTACTATATTATTAACTGATCGAAATATTAATACATCATTTTTTGATCCTATAGGAGGAGGAGATCCAATTTTATACCAACACTTATTT	1	421	1	19	19	Merged	0	0	19
Eukaryota(199,93,87.28,3.7e-126)	Arthropoda(199,93,87.28,3.7e-126)	Insecta(199,93,87.28,3.7e-126)	Coleoptera(199,93,87.28,3.7e-126)	Latridiidae(199,93,87.28,3.7e-126)	Melanophthalma(199,93,87.28,3.7e-126)	NA	Melanophthalma pumila(93,99.746,0)	N/A	genus	Melanophthalma(199,93,87.28,3.7e-126)	-	TCGTCTTAATAATATAAGATTCTGACTTTTACCTCCTTCTCTAACTTTATTAATTATAAGAAGAATTGTAGAAAGTGGTGCAGGAACAGGATGAACAGTTTATCCCCCTTTATCAAGAAATATTGCTCATGGAGGGTCCTCAGTTGATTTAGCAATTTTTAGACTACATCTTGCAGGAATTTCCTCAATTTTAGGGGCTGTAAATTTTATTACTACAGTAATTAACATACGACCTGCTGGAATAATTTTAGAAAAAATGCCTTTATTTGTATGATCAGTAGTTATTACAGCTGTTCTTTTATTACTTTCACTACCTGTATTAGCTGGAGCTATTACTATATTGTTAACAGATCGAAATTTAAATACTTCATTTTTTGACCCAGCAGGAGGTGGAGATCCAATTTTATACCAACACTTATTC	1	421	1	19	19	Merged	0	0	19
Eukaryota(135,48,76.02,4.3e-26)	Arthropoda(135,48,76.02,4.3e-26)	Insecta(135,48,76.02,4.3e-26)	Diptera(135,48,76.02,4.3e-26)	Cecidomyiidae(135,48,76.02,4.3e-26)	Vitisiella(135,48,76.02,4.3e-26)	Vitisiella brevicauda(135,48,76.02,4.3e-26)	Idaea fervens(92,74.811,5.41e-40)	N/A	species	Vitisiella brevicauda(135,48,76.02,4.3e-26)	-	ACGATTAAATAATGTATCATTCTGATTATTACCTCCTTCATTATTATTACTATTGTTAAGTGCATTAGTAGAAAATGGAGCAGGTACAGGGTGAACAGTATATCCTCCATTAGCTGGAGTACAATCACACTCTGGTGGATCTGTTGATTTAGCTATCTTCAGTTTACATTTAGCAGGAGTTTCTTCATTATTAGGGGCTATTAATTTCATTTGTACAGCTTTAAATATGAGAACTAATGGAATGTCTTTACATAAATTACCATTATTTGTATGAGCTATATTTGTTACAGCTATCTTATTATTATTATCATTACCTGTACTAGCTGGTGCAATTACAATGCTTTTAACAGATAGAAATTTCAATACTAGCTTCTACGACCCTGCAGGAGGAGGAGATCCTGTTTTATACCAACATCTTTTC	1	421	1	18	18	Merged	0	0	18
Eukaryota(198,83,82.7,1.4e-95)	Arthropoda(198,83,82.7,1.4e-95)	Insecta(198,83,82.7,1.4e-95)	Coleoptera(198,83,82.7,1.4e-95)	Curculionidae(198,83,82.7,1.4e-95)	NA	NA	Anisandrus maiche(93,100,0), Xylosandrus germanus(93,100,0)	N/A	family	Curculionidae(198,83,82.7,1.4e-95)	-	ACGATTAAACAATATAAGATTTTGATTATTACCACCTAGATTAACTTTACTATTAATAAGAAGAATTGTTGATAAAGGAGCAGGAACAGGTTGAACAGTATATCCACCATTAGCAGCCAACATTGCCCATGAAGGAGCATCTGTTGATCTAGCAATTTTTAGATTACATATATCTGGTGTATCTTCAATTCTAGGAGCTATTAACTTCATTTCCACAATTATTAATATACATCCAACAGGAATAAAACCAGAACAACTATCACTATTCACATGAGCCGTAAAAATTACTGCAATTCTCCTTCTTTTATCACTACCAGTACTAGCAGGAGGAATTACTATACTTCTTACAGACCGAAATATTAATACATCTTTCTTTGACCCAGCAGGAGGTGGTGATCCAATTTTATATCAACACCTATTC	2	421	1	27	27	Merged	27	0	0
Eukaryota(1,95,85.1,2.2e-108)	Arthropoda(1,95,85.1,2.2e-108)	Insecta(1,95,85.1,2.2e-108)	Coleoptera(1,95,85.1,2.2e-108)	Cerambycidae(1,95,85.1,2.2e-108)	Parandra(1,95,85.1,2.2e-108)	Parandra brunnea(1,95,85.1,2.2e-108)	Parandra brunnea(95,85.128,2.16e-108), Parandra brunnea(96,95.385,7.16e-178)	N/A	species	Parandra brunnea(1,95,85.1,2.2e-108)	SFAT(95,95), SANF(95,95)	TAAGATTTTAGATTTTACCCCTTTCCCCGACTTTATTAATTATAAGCAGAACAATTGAAAGTGGGGCAGGAACAGGATGAACACTTTATCCTCATTTAGCAAGAAACATTGCCCACAGAGGACCTTCTGTTGATTCAGCTATTTTTAGTCTTCATCTAGCTGGTGCATCTTCTATTTTAGGAGCAGACAATTTTTTTCCACAGTTATTAATATACGACTCAAAGGAATAACACCTGAACGAATCCCTTTATTTACTTGATCAGTTTTAATTACCGCAATATTACTTCTACTTTCACTCCTTGTCCTAGCAGGAGCAATCACTGTATCATTAACCGACTTAAATACATCTTTTTTTGATCCAGAGGAGGGGGAGATCCAATTTTATATCAACATTTATTT	2	403	2	465.5	465.5	Merged	29	902	0
Eukaryota(193,96,89.29,5.9e-139)	Arthropoda(193,96,89.29,5.9e-139)	Insecta(193,96,89.29,5.9e-139)	Lepidoptera(193,96,89.29,5.9e-139)	Erebidae(193,96,89.29,5.9e-139)	NA	NA	Zale pachystrigata(96,89.796,2.71e-142)	N/A	family	Erebidae(193,96,89.29,5.9e-139)	-	TAAGTTTCTGACTTCTTCCACCTTCTTTAACTCTTCTTATTTCTAGAAGAATTGTAGAAAATGGAGCAGGAACAGGATGAACAGTTTACCCCCCACTTTCATCTAATATTGCTCATAGAGGAAGATCTGTTGATTTAGCTATTTTTTCATTACATTTAGCTGGTATCTCATCAATCTTAGGAGCCATTAATTTTATTACTACAATTATTAATATACGATTAACTAATTTATCATTTGATCAAATACCTCTATTTGTCTGAGCTGTAGGAATTACAGCATTCTTATTACTTCTTTCTCTTCCTGTATTAGCTGGTGCTATTACAATATTATTAACTGATCGAAATTTAAATACATCATTTTTTGACCCTGCGGGAGGAGGAGATCCAATTTTATATCAACATTTATTT	1	407	1	16	16	Merged	16	0	0
Eukaryota(153.7,96,90,2.7e-142)	Arthropoda(153.7,96,90,2.7e-142)	Insecta(153.7,96,90,2.7e-142)	Lepidoptera(153.7,96,90,2.7e-142)	Erebidae(153.7,96,90,2.7e-142)	Idia(153.7,96,90,2.7e-142)	NA	Idia lubricalis(96,91.026,5.77e-149), Idia aemula(96,91.517,2.67e-152), Idia terrebralis(96,94.643,5.57e-174)	N/A	genus	Idia(153.7,96,90,2.7e-142)	-	TAAGTTTTTGATTACTTCCCCCATCCTTAACTTTATTAATTTCAAGTAGAATTGTGGAAAATGGAGCAGGAACAGGATGAACAGTTTATCCCCCACTTTCATCTAATATTGCACATAGAGGTAGATCAGTAGATTTAGCTATTTTTTCTCTTCATTTAGCTGGTATTTCTTCTATTTTAGGGGCAATTAATTTTATTACAACAATTATCAATATACGACTTAATAATCTATCATTTGATCAAATACCTTTATTCATTTGAGCTGTTGGAATTACCGCATTTTTATTATTATTATCCTTACCTGTTTTAGCAGGAGCCATTACAATACTTTTAACAGATCGTAACTTAAATACATCTTTTTTCGACCCTGCTGGAGGGGGAGATCCAATTCTATACCAACATTTATTT	3	407	1	558	558	Merged	558	0	0
Eukaryota(2,96,100,0)	Arthropoda(2,96,100,0)	Insecta(2,96,100,0)	Coleoptera(2,96,100,0)	Cerambycidae(2,96,100,0)	Neoclytus(2,96,100,0)	Neoclytus mucronatus(2,96,100,0)	Neoclytus mucronatus(96,100,0)	N/A	species	Neoclytus mucronatus(2,96,100,0)	SFAT(95,95)	TAAGATTCTGGCTTCTCCCCCCCTCCCTTACTCTTCTCATTATAAGAAGAATTGTAGAAAGAGGGGCAGGAACTGGATGAACAGTATATCCTCCCTTATCAGCTAACGTAGCCCATAGAGGGTCATCTGTAGATTTAGCTATTTTTAGTCTACACCTAGCAGGTGTATCATCAATTCTAGGAGCCGTAAATTTTATTTCCACAGTTATTAATATACGACCAGCAAAAATAAGACCCGAACAAATACCTTTATTTGTTTGGGCAGTAGTAATTACCGCTATTCTACTCCTTTTATCACTCCCTGTATTAGCAGGAGCTATTACTATACTACTTACAGACCGTAATATTAATACATCATTTTTTGATCCAGCAGGAGGAGGAGACCCTATTCTATATCAACACCTATTC	1	407	1	14244	14244	Merged	14244	0	0
Eukaryota(100,96,98.47,0)	Arthropoda(100,96,98.47,0)	Insecta(100,96,98.47,0)	Coleoptera(100,96,98.47,0)	Corylophidae(100,96,98.47,0)	Sericoderus(100,96,98.47,0)	Sericoderus lateralis(100,96,98.47,0)	Sericoderus lateralis(96,99.235,0)	N/A	species	Sericoderus lateralis(100,96,98.47,0)	SFAT(95,95)	TAAGTTTTTGATTACTGCCCCCTTCATTAACTTTATTAATTATAAGAAGTGTTGTAGAAAGAGGTGCGGGGACTGGTTGAACAGTGTATCCCCCTTTATCTTCCAATATTGCCCATGGAGGAGCATCTGTAGATTTAGCTATTTTTAGATTACATTTAGCAGGAATCTCATCTATTTTAGGAGCTATTAATTTTATTACTACAATTTTAAATATACGACCAGCTGGAATAAATTTTGAACAGATACCTCTTTTTGTGTGATCTGTCTTATTTACAGCTATTCTTTTATTATTATCCTTACCTATTTTAGCAGGAGCTATCACTATACTATTAACAGATCGAAATTTAAATACTTCTTTTTTTGACCCTGCAGGTGGGGGTGACCCAATTTTATATCAACATTTATTT	1	407	1	12	12	Merged	0	0	12
Eukaryota(15,96,99.24,0)	Arthropoda(15,96,99.24,0)	Insecta(15,96,99.24,0)	Coleoptera(15,96,99.24,0)	Throscidae(15,96,99.24,0)	Aulonothroscus(15,96,99.24,0)	Aulonothroscus distans(15,96,99.24,0)	Aulonothroscus distans(96,100,0)	N/A	species	Aulonothroscus distans(15,96,99.24,0)	SFAT(95,95)	TAAGATTCTGGTTACTCCCACCAGCTCTCTCCCTTATTGTAGCAGGTACCATTTCCGAAAGAGGAGCAGGAACAGGATGAACTGTTTATCCACCTTTATCATCCAATATTGCACATAGAGGGCCATCAGTTGACCTTACAATCTTTAGTCTTCATCTTGCAGGTATCTCATCAATTTTAGGAGCCATTAATTTTATTACAACTATCATCAATATACGTCCACCTCTAATAAAACCTGAACGAATAAGTTTATTCACTTGATCTGTGTCAATTACTGCTCTACTCCTTCTTATTTCATTACCAGTACTTGCAGGAGCAATTACAATATTACTTACAGACCGAAATCTTAATACATCATTCTTTGATCCAGCAGGAGGAGGGGACCCAATCCTTTACCAACACTTATTT	1	407	1	11	11	Merged	11	0	0
Bacteria(1,57,94.98,6.3e-104)	Firmicutes(1,57,94.98,6.3e-104)	Bacilli(1,57,94.98,6.3e-104)	Bacillales(1,57,94.98,6.3e-104)	Bacillaceae(1,57,94.98,6.3e-104)	Virgibacillus(1,57,94.98,6.3e-104)	Virgibacillus halodenitrificans(1,57,94.98,6.3e-104)	Virgibacillus halodenitrificans(57,94.979,6.35e-104)	N/A	species	Virgibacillus halodenitrificans(1,57,94.98,6.3e-104)	SANF(95,95)	GTTTTTAAATGCGGTTGGATTTTGGCTGTTTTTCACAGGTGGTATGCTGTTTAATATTGCATTCTTTTTAAATAGTGCACCTGCAATAGGCTGGACAGGGTATGCACCGTTATCAACCTCTCTTTTTACCCCGGGCGTTGGATCAGACTTTTATGTTTTTAGTTTACAAATTTCCGGGTTAGGGACTATTTTTACAGCACTAAATTTAATAGTAACTATTGTAAGATTGCGCGCACCTGGCATGAAATTTACTAGGATGCCTTTATTTACATGGGCAACCCTGATTACAGCATTTCTAATTCTTGTAGCGTTTACAGTTTTGGCTATCGGACTCTATTTACTCATGTTTGATCGCATGTTTGGAACAAAATTTTTCCACGGGCCAGATGGTGACCCTGTGTATTGGCAGCATTTATTCT	1	419	1	11	11	Merged	0	11	0
Eukaryota(27,96,98.98,0)	Arthropoda(27,96,98.98,0)	Insecta(27,96,98.98,0)	Hemiptera(27,96,98.98,0)	Cicadellidae(27,96,98.98,0)	Jikradia(27,96,98.98,0)	Jikradia olitoria(27,96,98.98,0)	Jikradia olitoria(96,99.745,0)	N/A	species	Jikradia olitoria(27,96,98.98,0)	SFAT(95,95)	TAAGCTTTTGACTTTTACCACCATCACTAATTCTACTACTATCAAGATCATTAGTAGATATAGGTGTAGGAACAGGATGAACATTATATCCACCATTATCATCAAATATTGCTCATGCAGGTTCTAGAGTAGATTTATCAATTTTTTCCCTTCACTTAGCTGGGATTTCATCTATCCTAGGAGCATTAAACTTTATTACAACAGTTATAAACATACGAACTCAAGGAATATCCTTTGATAAAACCCCATTATTTGTATGGTCTGTTCTAATTACAGCAATTCTATTATTAATATCATTACCAGTGCTTGCCGGAGCAATTACAATATTATTAACTGATCGAAATATCAATACATCCTTTTTCAATCCCTCAGGAGGTGGTGATCCTATCCTATACCAACACTTATTT	1	407	1	11	11	Merged	0	0	11
Eukaryota(200,95,98.47,0)	Arthropoda(200,95,98.47,0)	Insecta(200,95,98.47,0)	Thysanoptera(200,95,98.47,0)	Thripidae(200,95,98.47,0)	Frankliniella(200,95,98.47,0)	Frankliniella occidentalis(200,95,98.47,0)	Frankliniella occidentalis(95,100,0)	N/A	species	Frankliniella occidentalis(200,95,98.47,0)	SANF(95,95)	TCGGCTTAATAATATAAGGTTTTGACTTCTTCCACCCTCTTTAACATTATTAATCATAGGTTTATCGAAGGATGGTGCAGGAACAGGATGAACAGTTTACCCACCTTTATCAACTTTTTATCACTCTGGACCATCAGTAGATTTAACTATTTTTTCTCTTCATTTAGCAGGTATTTCCTCAATTTTAGGGGCTTTAAACTTTATTACAACAATTTTAAATTTAAAAATCAAAAAGTTAACAACGGAAAAGATAACTTTATTTGTTTGATCAGTTATTTTAACAGCTATTTTATTATTACTGTCATTACCAGTTTTAGCAGGAGCTATTACAATATTATTAACGGACCGAAACTTAAACACATCCTTCTTTGATCCGAGAGGAGGTGGAGACCCAGTTTTATATCAACACTTGTTT	1	415	1	1012	1012	Merged	0	0	1012
Eukaryota(31,96,98.47,0)	Chordata(31,96,98.47,0)	Mammalia(31,96,98.47,0)	Carnivora(31,96,98.47,0)	Procyonidae(31,96,98.47,0)	Procyon(31,96,98.47,0)	Procyon lotor(31,96,98.47,0)	Procyon lotor(96,100,0)	N/A	species	Procyon lotor(31,96,98.47,0)	SFAT(95,95)	TAAGCTTTTGACTTCTACCACCATCATTCCTACTATTACTAGCATCATCCATAGTAGAAGCAGGAGCAGGGACCGGATGAACCGTATATCCTCCTCTAGCAGGTAACCTAGCACATGCAGGAGCATCCGTGGACCTCACCATCTTCTCCCTTCACCTTGCAGGCGTCTCGTCCATCTTAGGTGCCATCAACTTCATCACCACTATTATTAACATGAAACCCCCCGCTATATCACAATACCAAATCCCACTTTTTGTATGGTCAGTACTTATTACAGCAGTACTTCTCTTATTATCGCTGCCAGTACTAGCAGCAGGCATCACCATATTACTCACTGACCGAAATCTGAACACAACCTTCTTTGACCCAGCAGGAGGAGGAGATCCAATCCTATACCAGCACCTATTC	1	407	1	9	9	Merged	0	9	0
Eukaryota(195,96,95.41,5.5e-179)	Arthropoda(195,96,95.41,5.5e-179)	Arachnida(195,96,95.41,5.5e-179)	Araneae(195,96,95.41,5.5e-179)	Tetragnathidae(195,96,95.41,5.5e-179)	Tetragnatha(195,96,95.41,5.5e-179)	NA	Tetragnatha versicolor(96,100,0)	N/A	genus	Tetragnatha(195,96,95.41,5.5e-179)	SFAT(95,95), SANF(95,95)	TAAGTTTTTGGCTATTACCACCTTCTCTTTTTATATTATTTATTTCATCTATAGTAGATGTAGGAGTTGGGGCAGGTTGAACTGTCTACCCCCCTTTATCTTCTTTAGAAGGGCATTCAGGCAGATCTGTAGATTTTGCTATTTTTTCACTTCATTTAGCTGGAGCCTCTTCAATTATAGGGGCTATTAATTTTATTTCTACTATTCTTAATATACGGATAAGAGGGATTTCTATAGAAAAGGTGCCTCTTTTTGTTTGATCTGTTTTGATTACAGCAGTATTATTACTTTTATCTCTACCCGTATTAGCTGGGGCAATTACTATGTTATTAACGGATCGAAATTTTAATACATCTTTTTTTGACCCTTCAGGGGGAGGAGACCCTGTTTTGTTTCAACATTTATTT	1	407	1	8	8	Merged	0	8	0
Eukaryota(198,84,79.13,3.9e-61)	Arthropoda(198,84,79.13,3.9e-61)	Insecta(198,84,79.13,3.9e-61)	Lepidoptera(198,84,79.13,3.9e-61)	Pyralidae(198,84,79.13,3.9e-61)	Dioryctria(198,84,79.13,3.9e-61)	NA	Dioryctria yatesi(84,80.516,8.36e-68)	N/A	genus	Dioryctria(198,84,79.13,3.9e-61)	-	TTTCATTCTGGTTATTACCTCCTTCATTAATTTTATTATTAATGAGTTCATTAGTAGAAAATGGAGCGGGAACTGGGTGGACAGTATATCCTCCATTAGCTGGTATCCAATCACATTCAGGTGGATCAGTAGATTTAGCTATATTTAGTTTACATTTAGCTGGGGTTTCTTCATTATTAGGAGCTATTAATTTTATTAGTACAACTTTAAATATGAGAACTAATGGAATGTCATTACATAAATTACCTTTATTTGTGTGGGCTATATTCGTTACAGCAATATTATTATTATTATCTTTACCTGTTTTAGCTGGAGCAATTACTATGTTATTAACAGATAGAAATTTTAATACTAGCTTCTATGATCCTGCTGGAGGAGGTGATCCTATATTATATCAACATTTATTC	1	407	1	7	7	Merged	0	7	0
Eukaryota(2,66,76.21,2.4e-33)	Arthropoda(2,66,76.21,2.4e-33)	Insecta(2,66,76.21,2.4e-33)	Hymenoptera(2,66,76.21,2.4e-33)	Formicidae(2,66,76.21,2.4e-33)	Camponotus(2,66,76.21,2.4e-33)	Camponotus grandidieri(2,66,76.21,2.4e-33)	Camponotus grandidieri(66,76.208,2.44e-33)	N/A	species	Camponotus grandidieri(2,66,76.21,2.4e-33)	SANF(95,95)	TTTCATTCTGGCTACTACCTCCTTCACTAATTCTACTACTTGCTAGTGCTTTTGTAGAACAAGGAGCAGGAACAGGATGGACAGTGTATCCACCACTATCTAGTCTACAAAGCCATTCAGGTGGTTCTGTAGATCTAGCTATCTTTAGTCTACACCTAGCCGGTATTTCATCAATGCTAGGAGCTATGAACTTCATTACAACTATTCTAAACATGCGAAATCCTGGTATGACACTACATAAACTACCACTATTCTGTTGGGCTATTTTTGTAACAGCTATTCTGCTACTACTTAGTCTACCAGTACTAGCTGGTGCTATTACAATGCTACTAACAGATCGAAACTTTAATACTTCATTCTACGATCCAGCAGGAGGTGGGGATCCAATTCTATATCAACACCTATTC	1	407	1	5	5	Merged	0	5	0
Eukaryota(33,96,97.45,0)	Arthropoda(33,96,97.45,0)	Insecta(33,96,97.45,0)	Coleoptera(33,96,97.45,0)	Curculionidae(33,96,97.45,0)	Xylosandrus(33,96,97.45,0)	NA	Xylosandrus crassiusculus(96,100,0)	N/A	genus	Xylosandrus(33,96,97.45,0)	SFAT(95,95)	TAAGATTCTGACTTCTACCCCCTAGATTAACTCTATTACTAATAAGAAGAATCATTGATAAAGGAGCAGGAACTGGATGAACTGTTTACCCACCACTAGCAGCTAATATTGCTCATGAAGGAGCTTCAGTAGACCTAGCAATTTTTAGTTTACATATATCAGGAGTTTCATCAATTCTAGGAGCAATCAATTTCATTTCAACAATTATTAATATACATCCATCAGGAATAAAGCCAGAACAACTATCACTTTTTACATGAGCAGTTAAAATCACGGCTATTCTTTTACTTTTATCTCTTCCTGTTTTAGCAGGTGGAATTACTATGTTACTAACAGATCGAAATATTAATACATCGTTCTTTGATCCAGCAGGTGGAGGGGACCCAATTTTATATCAACACTTATTT	1	407	1	4	4	Merged	4	0	0
Eukaryota(200,93,76.06,1.9e-49)	Arthropoda(200,93,76.06,1.9e-49)	Arachnida(200,93,76.06,1.9e-49)	Araneae(200,93,76.06,1.9e-49)	Philodromidae(200,93,76.06,1.9e-49)	Philodromus(200,93,76.06,1.9e-49)	NA	Philodromus fuscolimbatus(93,78.25,1.88e-64)	N/A	genus	Philodromus(200,93,76.06,1.9e-49)	SANF(95,95)	ACGTTTAAATGCTTTAAGTTTTTGATTATTACCTCCATCATTTATTCTATTATTAGGATCTGCTTTTATAGAAACAGGAGCAGGTACTGGATGAACTGTATATCCACCTTTAAGTGGTATATTAGCACATTCAGGAGGTGCTGTTGATTTTGCTATTTTTAGTTTACATTTATCAGGTTTATCTTCAATCTTAGGAGCTATAAATTTTATGGTTACTATTTTAAATATGCGAGTACCTGGTTATAAAATGTCAATGATACCATTATTTGTTTGAAGTATTTTTATAACAGCTATATTATTATTATTATCATTACCAGTATTAGCAGCTGCTATTACAATGCTTTTAACAGATAGAAATTTTAATACATCATTTTTTGATCCTTCAGGAGGTGGTGATCCTATATTATATCAACATTTATTT	1	421	1	4	4	Merged	0	4	0
Eukaryota(10,96,97.7,0)	Arthropoda(10,96,97.7,0)	Insecta(10,96,97.7,0)	Psocoptera(10,96,97.7,0)	Ectopsocidae(10,96,97.7,0)	Ectopsocopsis(10,96,97.7,0)	Ectopsocopsis cryptomeriae(10,96,97.7,0)	Ectopsocopsis cryptomeriae(96,99.49,0)	N/A	species	Ectopsocopsis cryptomeriae(10,96,97.7,0)	SFAT(95,95)	TAAGTTTTTGACTTCTTCCCCCCTCTCTATCCTTATTACTTTCTAGAAGATTAGTAGGTACGGGAGCTGGAACAGGTTGAACTGTGTATCCCCCACTATCTAGAGTTATTGCCCACACTGGAGCTTCTGTAGATTTAGCTATTTTCTCTCTTCATCTTGCTGGAGTTAGTTCTATTTTAGGAGCAGTAAATTTCATTACTACTATTATTAATATGCGATCTGATGGTCTTACTTTAGAACGTATACCATTATTTGTATGATCTGTATTTATTACAGCAATTTTATTATTATTATCTTTACCGGTTCTTGCAGGTGCTATTACAATACTTTTAACAGACCGTAATTTAAATACTTCTTTTTTTGACCCAGCAGGTGGGGGTGACCCCATTTTATATCAACATTTGTTT	1	407	1	773	773	Merged	773	0	0
Eukaryota(25,96,97.19,0)	Arthropoda(25,96,97.19,0)	Insecta(25,96,97.19,0)	Coleoptera(25,96,97.19,0)	Mordellidae(25,96,97.19,0)	Mordellaria(25,96,97.19,0)	NA	Mordellaria serval(96,100,0)	N/A	genus	Mordellaria(25,96,97.19,0)	SFAT(95,95)	TGAGATTCTGACTTCTACCACCATCGCTTTCTCTTCTTCTAATAAGAAGAGTAGTAGAAAATGGAGCAGGAACAGGTTGAACTGTTTACCCACCATTATCGTCAAACATTGCTCACGGGGGATCCTCAGTAGATCTTGCTATTTTCAGACTCCATCTAGCCGGTGTGTCTTCTATTCTAGGGGCTATTAACTTCATTTCCACTATAATCAATATGCGTCCTAGAAACATAACACTAGATCGAATACCCCTGTTTGTATGGGCAATTGTAATTACTGCTGTACTCCTACTCCTCTCTCTTCCGGTGTTAGCAGGGGCTATCACCATATTACTAACCGACCGAAATCTAAATACCTCCTTCTTTGACCCGGCTGGGGGTGGTGACCCTATTCTTTACCAACACTTATTT	1	407	1	526	526	Merged	526	0	0
Eukaryota(186,96,76.35,6.6e-54)	Arthropoda(186,96,76.35,6.6e-54)	Insecta(186,96,76.35,6.6e-54)	Lepidoptera(186,96,76.35,6.6e-54)	Gelechiidae(186,96,76.35,6.6e-54)	NA	NA	Chionodes rabula(96,80,2.97e-77)	N/A	family	Gelechiidae(186,96,76.35,6.6e-54)	-	TAAGATTTTGATTATTGCCTCCTTCACTAACTTTATTAGTGTCAAGCAGCCTTGTAGACGTAGGGGCGGGTACTGGGTGGACTGTATACCCACCCTTAGCTGCTAACATCGCCCATGGGGGTTCCTCGGTAGACTTCGCTATTTTTTCTTTGCATTTGGCGGGGGTTTCGTCTATTTTAGGAGCTGTGAATTTTATCACTACTGTTATTAATATACGTAGTCCCGGCATGACTTTAGATCGAATGCCTTTGTTTGTTTGATCAGTAGTTATCACAGCTGTATTGTTATTATTGTCTTTACCTGTATTAGCGGGAGCTATTACTATACTTCTTACAGACCGTAATTTAAATACATCATTTTTTGACCCGGCAGGGGGTGGGGACCCAATTCTTTATCAGCATCTTTTT	1	407	1	484	484	Merged	0	0	484
Eukaryota(11,96,97.45,0)	Arthropoda(11,96,97.45,0)	Insecta(11,96,97.45,0)	Coleoptera(11,96,97.45,0)	Chrysomelidae(11,96,97.45,0)	Altica(11,96,97.45,0)	Altica chalybea(11,96,97.45,0)	Altica chalybea(96,100,0)	N/A	species	Altica chalybea(11,96,97.45,0)	-	TAAGATTTTGGCTACTCCCACCATCAATTTTTTTATTATTAATAAGAAGGTTTACAGAAAGAGGTGCAGGAACTGGATGAACAGTTTATCCCCCACTATCATCTAATCTTGCCCATAACGGTCCTTCTGTTGATTTAGCTATTTTTAGTCTTCATTTAGCAGGAATTTCATCAATTCTAGGAGCTATTAATTTTATTACCACAATAATCAATATACGACCCCAAGGAATATCTATAGATCAAATACCTTTATTTGTATGAGCTGTATTTATTACAGCGATTCTTTTACTTTTATCATTACCAGTTCTAGCTGGTGCAATTACAATATTATTAACAGACCGTAATTTAAATACTTCTTTTTTTGAGCCAGCCGGAGGAGGAGATCCTATTCTCTATCAACATTTATTT	1	407	1	360	360	Merged	360	0	0
